customer_id,customer_name,email,registration_date,customer_type
1,Liam Chaudry,bakshianvi@example.org,2026-05-28,REGULAR
2,Tejas Kaul,samiazad@example.org,2025-09-04,REGULAR
3,Arunima Ahuja,issaconi@example.org,2024-03-16,VIP
4,Gayathri Chaudry,roak@example.org,2023-12-03,VIP
5,Caleb Sharaf,wchatterjee@example.com,2025-10-22,REGULAR
6,Janaki Handa,radhakrishnanfarhan@example.net,2026-07-10,REGULAR
7,Viraj Chaudhuri,bathvedant@example.com,2025-02-21,REGULAR
8,Shaurya Loke,sudiksha52@example.com,2026-07-06,VIP
9,Ladli Madan,gargyash@example.org,2026-04-01,REGULAR
10,Diya Rattan,ektabhalla@example.org,2024-08-30,VIP
11,Meghana Shanker,kakardivya@example.org,2024-02-18,REGULAR
12,Priya Rastogi,liam38@example.net,2025-01-24,PREMIUM
13,Champak Choudhary,lakshitupadhyay@example.com,2024-03-05,REGULAR
14,Upadhriti Wadhwa,pahalbhatt@example.com,2024-08-05,REGULAR
15,Isaac Memon,contractoramara@example.net,2025-05-17,PREMIUM
16,Xiti Gokhale,sudikshaaggarwal@example.net,2025-09-07,REGULAR
17,Michael Prakash,misrayashica@example.net,2024-03-18,PREMIUM
18,Janani Mohanty,naikvrinda@example.org,2024-07-17,PREMIUM
19,Ekapad Walia,khoslafarhan@example.org,2024-01-23,PREMIUM
20,Siddharth Zacharia,vaishnavigandhi@example.com,2026-06-17,REGULAR
21,Raksha Varughese,devikarastogi@example.net,2025-06-12,VIP
22,Ansh Karpe,kotaumang@example.org,2026-01-11,PREMIUM
23,Veer Bir,abhimanyubobal@example.net,2023-08-29,PREMIUM
24,Tanish Zacharia,ekavir83@example.com,2024-02-02,VIP
25,Ranveer Chandra,ykibe@example.com,2023-12-09,PREMIUM
26,Chatura Chaudhari,bpandya@example.com,2023-10-14,VIP
27,Rehaan Gupta,znori@example.org,2025-10-22,VIP
28,Turvi Krish,bdey@example.org,2023-11-06,PREMIUM
29,Girik Khalsa,dchaudhari@example.net,2024-03-26,REGULAR
30,Daniel Gala,esunder@example.org,2025-02-19,PREMIUM
31,Pallavi Sur,ramakrishnanalka@example.com,2024-03-08,VIP
32,Dipta Bhandari,chamankalla@example.org,2023-09-27,REGULAR
33,Yashoda Buch,hthakkar@example.org,2024-04-25,REGULAR
34,Yatin Baral,birwahab@example.com,2026-02-28,VIP
35,Dipta Khare,sainidiya@example.com,2024-08-27,VIP
36,Tanvi Mutti,qdeep@example.net,2023-11-01,VIP
37,Yashawini Lanka,shankerharish@example.org,2024-02-02,VIP
38,Raksha Mittal,ekapad35@example.com,2026-02-16,PREMIUM
39,Jack Chhabra,mistryhemang@example.org,2025-11-17,VIP
40,Hemal Jani,anitamanda@example.net,2026-06-13,REGULAR
41,Pallavi Malhotra,yashasvi74@example.org,2023-09-18,REGULAR
42,Neel Sathe,nathkalpit@example.net,2025-11-15,REGULAR
43,Balendra Pingle,handra@example.org,2026-01-01,PREMIUM
44,Janya Baral,qushidatta@example.org,2025-01-17,REGULAR
45,Mohammed Khalsa,zaidchauhan@example.com,2024-03-20,VIP
46,Nisha Kothari,nitarabakshi@example.org,2024-08-29,PREMIUM
47,Tristan Iyengar,hritikraja@example.org,2025-06-26,PREMIUM
48,Mohini Narasimhan,dalaja33@example.org,2024-09-16,VIP
49,Garima Bala,mallickindali@example.net,2024-01-07,PREMIUM
50,Radha Pai,pranav94@example.org,2024-11-10,VIP
51,Aachal Basu,hvaidya@example.com,2025-05-19,PREMIUM
52,Ekaraj Narayanan,venkateshronith@example.com,2026-03-06,PREMIUM
53,Eta Rau,jeet48@example.com,2026-06-29,PREMIUM
54,Owen Mitra,joshua36@example.net,2025-04-02,REGULAR
55,Ekanta Shroff,modibhavini@example.org,2025-05-28,REGULAR
56,Frado Mander,gkala@example.com,2025-09-19,REGULAR
57,Manan Bakshi,girik34@example.org,2023-09-21,REGULAR
58,Robert Rajagopalan,vaishnavibora@example.com,2025-08-17,PREMIUM
59,Hredhaan Sandal,jkohli@example.net,2024-06-15,PREMIUM
60,Jairaj Shan,zarnashetty@example.org,2024-02-04,PREMIUM
61,Saanvi Thaman,jwali@example.net,2025-05-04,VIP
62,Aashi Kota,vdutt@example.com,2026-03-28,REGULAR
63,Bhavika Keer,vedhika34@example.com,2024-09-06,REGULAR
64,Vihaan Rajagopal,ekaja81@example.org,2026-06-24,VIP
65,Ganga Shukla,tanishbhatt@example.com,2025-04-17,VIP
66,Lajita Sood,jhaveriosha@example.com,2023-07-21,PREMIUM
67,Vinaya Kanda,chanchal66@example.net,2024-09-07,PREMIUM
68,Nidhi Gandhi,bsunderexample.com,2025-07-07,VIP
69,Fiyaz Sangha,aviramesh@example.net,2024-02-07,PREMIUM
70,Falak Kakar,dgopal@example.com,2025-06-17,REGULAR
71,Finn Singhal,geetika64@example.com,2023-08-11,REGULAR
72,Banjeet Balasubramanian,pallaudarsh@example.net,2024-07-30,PREMIUM
73,Urvashi Contractor,anmoldua@example.org,2025-12-04,VIP
74,Ishwar Gade,udyatikunda@example.com,2024-11-06,REGULAR
75,Mekhala Issac,baldevika@example.net,2023-11-07,REGULAR
76,Benjamin Palan,harshmitra@example.net,2025-10-16,VIP
77,Advik Salvi,eprabhakar@example.net,2025-08-11,VIP
78,Michael Saran,santjanaki@example.net,2024-04-10,REGULAR
79,Ekantika Korpal,veda76@example.net,2023-11-23,PREMIUM
80,Gayathri Balakrishnan,shravya37@example.net,2025-08-17,PREMIUM
81,Harini Mammen,qabil73@example.com,2026-01-23,REGULAR
82,Niharika Suresh,advaith83@example.org,2025-11-20,REGULAR
83,Girik Menon,vamakshiswaminathan@example.com,2024-06-20,PREMIUM
84,Urvashi Wali,tkohli@example.net,2024-12-27,VIP
85,Anika Mohan,wnarayanan@example.net,2024-08-05,REGULAR
86,Qasim Handa,jaihans@example.com,2024-06-12,VIP
87,Harish Hari,umalhotra@example.net,2024-10-14,VIP
88,Jonathan Mahal,jalsagola@example.com,2023-09-20,PREMIUM
89,Harshil Arora,masterjonathan@example.net,2025-12-19,VIP
90,Charan Krishnan,upasna77@example.com,2025-07-23,VIP
91,Chatresh Doshi,bhattacharyyanandini@example.com,2024-02-28,PREMIUM
92,Upkaar Virk,frederick31@example.net,2025-02-21,VIP
93,Dalaja Bhasin,tsavant@example.net,2026-02-13,PREMIUM
94,Naksh Khatri,johalsiddharth@example.com,2024-04-07,PREMIUM
95,Upma Manne,dugaraarnav@example.com,2023-08-31,REGULAR
96,Ekavir Kaur,bhavyamandal@example.net,2024-08-25,REGULAR
97,Manthan Lata,pavanicontractor@example.net,2024-02-17,REGULAR
98,Reva Dash,bhasinnoah@example.com,2025-07-09,REGULAR
99,Raksha Buch,neha48@example.net,2026-01-26,VIP
100,Atharv Chand,sankaranekantika@example.net,2024-07-01,REGULAR
101,Zilmil Sathe,luthrabanjeet@example.org,2024-09-16,PREMIUM
102,Ijaya Rege,rajataswamy@example.org,2024-12-10,REGULAR
103,Bhavya Rattan,henry25@example.com,2025-11-12,PREMIUM
104,Ekiya D’Alia,shagaurang@example.com,2025-03-30,REGULAR
105,Zarna Pathak,shereodika@example.org,2026-03-05,VIP
106,Amara Deep,wsathe@example.org,2024-10-01,REGULAR
107,Nathan Mukhopadhyay,hsundaram@example.org,2025-11-13,PREMIUM
108,Triya Dalal,reddygirik@example.org,2026-04-13,REGULAR
109,Ojasvi Subramanian,wishimanne@example.net,2025-07-14,PREMIUM
110,Yashoda Deshpande,tanmayidhillon@example.com,2023-10-28,PREMIUM
111,Barkha Misra,oeshi58@example.com,2026-01-08,REGULAR
112,Hemani Natarajan,cdixit@example.net,2025-11-15,VIP
113,Leela Kaur,ushah@example.org,2025-04-10,PREMIUM
114,Libni Doshi,nadkarniurvashi@example.net,2025-08-19,REGULAR
115,Harish Sarraf,dateyadavi@example.net,2023-12-13,REGULAR
116,Mohammed Borde,uaurora@example.org,2025-07-10,REGULAR
117,Falguni Walla,hamsini96@example.net,2025-02-21,PREMIUM
118,Wahab Mani,vinaya80@example.net,2024-06-29,REGULAR
119,Sachi Ganesan,sarafguneet@example.net,2026-06-24,VIP
120,Jagrati Prasad,ayush05@example.org,2025-05-11,VIP
121,Onkar Gill,yashwali@example.com,2023-11-11,REGULAR
122,Vincent Shenoy,fkhosla@example.net,2026-03-28,REGULAR
123,Nakul Borah,tripti40@example.com,2025-05-28,PREMIUM
124,Rushil Rajagopalan,chandani64@example.com,2025-07-31,PREMIUM
125,Chakrika Merchant,khalsalakshmi@example.net,2023-08-15,REGULAR
126,Watika Mangat,amaharaj@example.net,2024-07-03,PREMIUM
127,Gunbir Baral,theodore39@example.com,2024-11-02,PREMIUM
128,Gautam Merchant,lbandi@example.com,2024-11-30,VIP
129,Yachana Mahajan,mgill@example.org,2024-03-23,VIP
130,Faqid Dhaliwal,vasatika45@example.org,2024-06-26,PREMIUM
131,Aishani Yadav,fpau@example.com,2024-01-19,PREMIUM
132,Lakshmi Prabhu,rpillay@example.net,2023-12-27,REGULAR
133,Timothy Bhatnagar,urishillabakshi@example.net,2026-03-25,VIP
134,Logan Bath,pmittal@example.com,2023-09-07,PREMIUM
135,Lipika Setty,waida11@example.org,2025-02-07,VIP
136,Vrishti Reddy,adubey@example.net,2024-09-18,VIP
137,Warinder Patil,prabhakarteerth@example.com,2023-12-13,VIP
138,Jason Sha,jagrati06@example.com,2023-12-01,REGULAR
139,Jeremiah Jha,anshbedi@example.com,2023-10-26,REGULAR
140,Aarnav Malhotra,tarakkaul@example.com,2024-02-21,REGULAR
141,Karan Aurora,zashilghosh@example.org,2025-01-18,VIP
142,Charles Date,ekiyababu@example.org,2025-04-25,VIP
143,Yochana Chopra,bhattvamakshi@example.com,2025-06-13,REGULAR
144,Azaan Bhat,calebverma@example.com,2025-07-25,VIP
145,Sachi Borah,rsandhu@example.org,2023-11-14,PREMIUM
146,Lakshmi Wali,manbir12@example.com,2024-10-12,REGULAR
147,Ishwar Kale,mtiwari@example.com,2025-05-10,PREMIUM
148,Mohini Sagar,akari@example.com,2023-12-06,PREMIUM
149,Urvi Bhavsar,prisha54@example.com,2023-11-30,VIP
150,Kalpit Bhasin,chanderrachana@example.org,2026-01-08,PREMIUM
151,Charan Mani,jason65@example.net,2026-01-29,REGULAR
152,Mohammed Subramaniam,indira19example.net,2024-06-24,VIP
153,Upkaar Sanghvi,pallajhalak@example.org,2025-11-29,REGULAR
154,Dayamai Nori,lokeayush@example.org,2025-01-07,REGULAR
155,Ekaraj Dhar,gollaluke@example.net,2026-03-21,REGULAR
156,Sudiksha Om,chandtanveer@example.com,2024-03-12,REGULAR
157,Charles Dugal,devika59@example.net,2024-03-12,PREMIUM
158,Vedika Sathe,bumbanita@example.com,2025-04-15,PREMIUM
159,Indrajit Mander,tanveer81@example.com,2026-05-30,VIP
160,Thomas Rana,qvyas@example.com,2026-01-28,VIP
161,Laksh Kumer,amblesamarth@example.com,2024-10-03,VIP
162,Parth Dayal,jagdish07@example.net,2025-02-21,PREMIUM
163,Brijesh Sarin,xitipandya@example.org,2023-08-10,REGULAR
164,Nidhi Sahni,ubrahmbhatt@example.net,2024-10-03,REGULAR
165,Triveni Pathak,ravelansh@example.com,2023-11-25,REGULAR
166,Farhan Randhawa,pcherian@example.com,2024-11-04,REGULAR
167,Yashvi Hari,timothy52@example.org,2025-01-04,VIP
168,Rudra Ghose,manbir31@example.org,2026-02-01,PREMIUM
169,Ucchal Sen,faqidgoel@example.net,2026-06-04,VIP
170,Riya Mitter,diya27@example.org,2024-09-10,VIP
171,Triya Seth,pandeyyashica@example.org,2023-09-08,REGULAR
172,Yashica Rajagopalan,pillaybhavini@example.org,2025-06-29,PREMIUM
173,Yachana Dora,senguptaraghav@example.com,2023-10-16,REGULAR
174,Yamini Gera,zchauhanexample.com,2023-09-10,REGULAR
175,Januja Pradhan,rakshasarna@example.net,2024-09-23,PREMIUM
176,Gaurika Bhatti,xrege@example.com,2024-12-05,PREMIUM
177,Gauri Bumb,rajubhanumati@example.com,2026-01-02,PREMIUM
178,Kai Chad,inayamukherjee@example.net,2024-11-03,REGULAR
179,Pallavi Trivedi,inarasimhan@example.net,2025-01-24,VIP
180,Harita Sunder,patildayamai@example.org,2024-05-05,VIP
181,Harrison Tripathi,lakshdubey@example.org,2025-10-27,PREMIUM
182,Mitesh Gaba,nayarkaran@example.net,2024-04-17,REGULAR
183,Wazir Sawhney,rakshabassi@example.com,2026-02-14,REGULAR
184,Upasna Hari,saumya38@example.org,2025-02-02,REGULAR
185,Yadavi Wable,xshenoy@example.com,2025-04-22,REGULAR
186,Vasana Prabhu,ryandevi@example.com,2025-11-19,VIP
187,Naveen Mahajan,vartyjeet@example.com,2025-06-08,VIP
188,Ikshita Bala,rajeshrichand@example.org,2025-04-16,PREMIUM
189,Libni Bumb,randhawayadavi@example.com,2025-02-13,VIP
190,Madhav Devan,ayaannagar@example.org,2023-09-09,REGULAR
191,Fariq Bahl,urmi27@example.com,2024-08-12,REGULAR
192,Bhavya Khanna,masonwable@example.com,2024-10-21,REGULAR
193,Dev Choudhry,battawilliam@example.com,2025-08-26,PREMIUM
194,Bishakha Sanghvi,varmawyatt@example.net,2023-07-14,PREMIUM
195,Jalsa Bir,wridesh96@example.org,2025-10-06,VIP
196,Kashvi Kulkarni,ramakrishnanupma@example.org,2023-08-06,PREMIUM
197,Gaurangi Deol,ekansh53@example.net,2023-09-18,VIP
198,Qabil Deshmukh,hamsini27@example.net,2023-10-18,REGULAR
199,Ryan Barman,sbansal@example.org,2024-11-13,REGULAR
200,Balhaar Halder,yutika68@example.com,2024-09-28,PREMIUM
201,Rajeshri Ratta,champak54@example.org,2025-05-25,REGULAR
202,Jhalak Venkataraman,lnori@example.com,2024-08-29,VIP
203,Chaaya Nagi,samrafarhan@example.com,2023-12-18,PREMIUM
204,Pooja Ganesan,narangchakrika@example.com,2026-06-17,REGULAR
205,Radhika Maharaj,cpanchal@example.org,2026-03-31,PREMIUM
206,Azaan Dhar,bordenidra@example.com,2026-02-09,VIP
207,Jeevika Pathak,ibanerjee@example.org,2025-02-25,VIP
208,Sachi Bose,dubeshivani@example.com,2025-12-19,REGULAR
209,Zaid Comar,jeevikarao@example.com,2023-08-21,PREMIUM
210,Adweta Lad,xalakvasa@example.com,2026-07-09,PREMIUM
211,Ryan Das,nkala@example.com,2024-02-07,VIP
212,Gagan Nagarajan,sethorinder@example.net,2026-05-14,VIP
213,Nakul Ghosh,dhruv88@example.com,2025-01-23,PREMIUM
214,Wakeeta Bal,jairajiyer@example.org,2025-01-22,VIP
215,Dominic More,unni82@example.net,2025-03-21,VIP
216,Jeremiah Nadig,avora@example.com,2026-04-04,REGULAR
217,Kabir Gopal,senguptaunnati@example.net,2024-01-28,REGULAR
218,Daksha Gala,dthakkar@example.org,2024-03-19,VIP
219,Zashil Hegde,umang58@example.com,2026-03-24,VIP
220,Yadavi Ganguly,jeremiah49@example.net,2026-01-16,REGULAR
221,Ayush Bumb,onveernazareth@example.net,2023-09-20,REGULAR
222,Widisha Mann,shivansh96@example.net,2026-04-04,PREMIUM
223,Elijah Bhasin,vasudha36@example.com,2024-03-13,VIP
224,Harini Dhawan,esagar@example.com,2024-11-08,VIP
225,Eiravati Khurana,hemani62@example.com,2025-07-05,VIP
226,Gunbir Bedi,lokeshivani@example.org,2024-10-04,PREMIUM
227,Dhriti Gupta,psahota@example.org,2024-03-15,VIP
228,Widisha Bajaj,dvarma@example.com,2023-11-28,REGULAR
229,Ira Bava,dtiwari@example.org,2023-09-28,VIP
230,Hritik Sankar,warda97@example.com,2024-02-05,VIP
231,Charan Hayer,jasmit65@example.org,2025-01-25,REGULAR
232,Jagat Dave,ethan68@example.com,2023-12-09,PREMIUM
233,Maanas Issac,yprakash@example.com,2026-02-01,REGULAR
234,Laksh Nath,ctella@example.org,2025-07-16,REGULAR
235,Falak Nagar,mdixit@example.net,2024-03-20,VIP
236,Chandani Soman,lmistry@example.com,2023-08-06,PREMIUM
237,Avi Som,garima16@example.net,2024-08-27,PREMIUM
238,Manbir Kibe,charansrinivasan@example.org,2023-08-30,VIP
239,Omya Doshi,halderanirudh@example.com,2025-04-13,VIP
240,David Devi,nirjathaker@example.net,2025-09-24,REGULAR
241,Dipta Ghose,ektasridhar@example.net,2025-06-25,VIP
242,Yatin Mallick,irya49@example.com,2025-11-24,PREMIUM
243,Vrinda Nadig,umang44@example.net,2025-07-26,REGULAR
244,Megha Pai,anusha41@example.net,2024-02-24,REGULAR
245,Aahana Srinivas,brijesh41@example.com,2024-06-08,REGULAR
246,Wriddhish Kibe,anikamagar@example.org,2023-09-28,REGULAR
247,Ganga Sodhi,virajben@example.org,2023-12-15,VIP
248,Vansha Iyengar,abduldugar@example.com,2024-09-30,REGULAR
249,Baljiwan Gill,bhavika01@example.net,2025-04-21,VIP
250,Bimala Barad,balhaarranganathan@example.com,2023-07-26,VIP
251,Krish Thaman,hredhaan54@example.com,2025-07-08,PREMIUM
252,Aarini Grewal,reyansh15@example.org,2023-08-02,REGULAR
253,Prisha Varma,chakrika93@example.org,2024-12-02,REGULAR
254,Vansha Naik,rattangirish@example.org,2024-07-31,REGULAR
255,Amara Narayan,lalleela@example.org,2024-10-23,REGULAR
256,David Dani,laljagvi@example.net,2025-07-03,VIP
257,Jacob Merchant,nathaniel68@example.net,2025-02-01,REGULAR
258,Suhani Prakash,theodoredeol@example.com,2025-04-17,REGULAR
259,Yug Bumb,zyogi@example.net,2025-10-05,PREMIUM
260,Isaac Bhatia,twable@example.com,2025-11-08,VIP
261,Jackson Jha,masongala@example.com,2026-01-02,PREMIUM
262,Sudiksha Deo,gchand@example.com,2025-09-16,VIP
263,Darika Bains,kshan@example.org,2025-03-18,PREMIUM
264,Pallavi Padmanabhan,aarush39@example.org,2026-07-04,VIP
265,Bhavini Rege,bhasinekapad@example.com,2024-04-16,REGULAR
266,Krishna Prashad,oshaprasad@example.com,2023-11-13,PREMIUM
267,Joshua Kapoor,ijayadani@example.org,2023-07-17,REGULAR
268,Ladli Karpe,misraubika@example.net,2024-07-30,PREMIUM
269,Isaiah Balay,jpal@example.com,2026-05-02,VIP
270,Harrison Bandi,pbabu@example.org,2025-06-04,REGULAR
271,Vivaan Zacharia,kondachaitanya@example.com,2024-06-13,REGULAR
272,Eiravati Nagi,deyyahvi@example.com,2024-07-14,REGULAR
273,Anvi Bhat,luke83@example.com,2025-11-22,PREMIUM
274,Lakshmi Vohra,prishatandon@example.org,2024-11-18,REGULAR
275,Qarin Yogi,jrege@example.com,2025-07-16,REGULAR
276,Ubika Bhardwaj,umangmital@example.net,2025-12-01,REGULAR
277,Lipika Kibe,jsaha@example.net,2024-08-11,REGULAR
278,George Wason,gangabrar@example.com,2024-05-02,PREMIUM
279,Elijah Guha,loyalkrishna@example.net,2026-01-09,PREMIUM
280,Alexander Kakar,varenyajoshi@example.com,2024-05-02,PREMIUM
281,Mekhala Khatri,srinivasxavier@example.net,2025-11-15,VIP
282,Darika Lal,barkha67@example.net,2025-01-20,REGULAR
283,Ekaja Jani,gshukla@example.net,2025-02-06,VIP
284,Amol Lal,odika09@example.org,2025-11-17,REGULAR
285,Victor Raghavan,jmerchant@example.org,2025-12-13,PREMIUM
286,Vritti Sharma,xalaknazareth@example.com,2024-03-29,PREMIUM
287,Daniel Viswanathan,omkaar28@example.com,2023-09-02,VIP
288,Vihaan Bir,bavaabeer@example.com,2024-03-02,VIP
289,Darpan Subramanian,kamdaryashasvi@example.com,2026-05-01,PREMIUM
290,Advik Badal,ababu@example.net,2025-10-11,PREMIUM
291,Praneel Chhabra,bhavini08@example.net,2023-12-08,PREMIUM
292,Irya Loke,wrideshhanda@example.net,2025-03-19,VIP
293,Upkaar Mital,prakashnidra@example.com,2026-06-08,VIP
294,Krishna Soni,balaygirik@example.com,2023-10-07,PREMIUM
295,Garima Chandran,gargfitan@example.com,2025-10-09,VIP
296,Anika Batra,karpesiddharth@example.net,2023-11-04,PREMIUM
297,Maanas Rao,bachittar25@example.org,2023-11-08,VIP
298,Garima Rajagopalan,nicholas93@example.net,2024-02-14,VIP
299,Rajeshri Kata,tellahiral@example.org,2023-11-07,PREMIUM
300,Shravya Swaminathan,mekhala50@example.net,2024-06-30,PREMIUM
301,Frederick Merchant,keya62@example.net,2024-07-28,REGULAR
302,Mitesh Ramachandran,butalaamrita@example.org,2024-11-14,PREMIUM
303,Jagvi Madan,hredhaan10@example.com,2023-12-17,PREMIUM
304,Yauvani Reddy,gagangrover@example.com,2023-12-19,PREMIUM
305,Ekta Rajan,chakrabortyirya@example.net,2023-07-31,REGULAR
306,Omkaar Rai,odika61@example.net,2024-03-31,VIP
307,Madhav Bhatnagar,amrutamitra@example.com,2024-03-27,PREMIUM
308,Faraj Patel,amajumdar@example.com,2024-08-06,REGULAR
309,Krishna Modi,warhihayre@example.com,2023-07-22,VIP
310,Ria Natt,nnatarajan@example.com,2025-05-10,REGULAR
311,Varenya Murthy,charitanagi@example.net,2024-04-12,REGULAR
312,Xavier Nanda,snagar@example.net,2025-02-15,VIP
313,Pranit Bala,maya51@example.net,2025-06-28,REGULAR
314,Nilima Tata,rakshamanne@example.net,2024-02-13,REGULAR
315,Krishna Borah,wyatt42@example.net,2025-06-08,REGULAR
316,Balhaar Parsa,irattan@example.net,2026-07-05,PREMIUM
317,Ojas Basu,choprayuvraj@example.net,2025-12-02,REGULAR
318,Advaith Chaudhari,ynarula@example.com,2024-08-16,VIP
319,Sanaya Prasad,yashvivenkataraman@example.net,2025-03-10,REGULAR
320,Vasudha Cheema,jtella@example.com,2024-10-12,REGULAR
321,Ijaya Muni,hchada@example.net,2024-12-25,PREMIUM
322,Vamakshi Chatterjee,hjhaveri@example.com,2025-05-22,PREMIUM
323,Ishwar Bajaj,enagar@example.com,2024-12-25,VIP
324,Nathaniel Narayanan,galayagnesh@example.net,2025-11-27,VIP
325,Quincy Sankaran,oshere@example.com,2025-03-17,VIP
326,Lopa Agrawal,horashivani@example.net,2026-07-10,VIP
327,Harsh Yadav,sameshmallick@example.net,2024-04-27,VIP
328,Vrishti Wable,eshana37@example.org,2026-03-30,REGULAR
329,Ijaya Pandey,lipika96@example.net,2025-06-22,VIP
330,Dhriti Dalal,chamelichad@example.net,2024-07-16,PREMIUM
331,Yasti Rama,jackson25@example.net,2025-04-21,VIP
332,Oscar Ganesan,leelasampath@example.org,2025-08-10,VIP
333,Jagrati Andra,logan25@example.com,2025-08-02,REGULAR
334,Nilima Swamy,robertrajagopalan@example.net,2025-04-17,PREMIUM
335,Thomas Master,ksuresh@example.org,2023-08-31,PREMIUM
336,Warhi Vaidya,umang84@example.org,2024-01-03,PREMIUM
337,Ridhi Kamdar,loyaljeevika@example.net,2025-05-02,PREMIUM
338,Adya Pall,kotachameli@example.org,2023-11-24,VIP
339,Indali Sangha,xdalal@example.org,2024-03-25,PREMIUM
340,Avni Yohannan,samueljhaveri@example.org,2024-03-29,VIP
341,Krishna Sabharwal,brinda49@example.com,2023-10-12,PREMIUM
342,Yug Ramaswamy,jonathan23@example.org,2025-08-10,VIP
343,Faqid Chander,amrutasachdeva@example.com,2025-03-28,PREMIUM
344,Girik Shanker,jyoti77@example.com,2026-03-24,REGULAR
345,Siddharth Talwar,dev86@example.org,2024-09-01,PREMIUM
346,Vedhika Oza,bhanumati58@example.net,2026-06-06,PREMIUM
347,Amol Dash,batrahardik@example.net,2024-03-13,VIP
348,Kevin Mittal,ashan@example.com,2024-03-14,REGULAR
349,Noah Ben,girik54@example.org,2025-03-18,PREMIUM
350,Aarav Kala,vivaan61@example.net,2025-07-21,REGULAR
351,Aditya Anand,deoupkaar@example.net,2026-06-26,PREMIUM
352,Veer Rajagopal,jai62@example.com,2023-11-27,VIP
353,Laksh Raja,chauhandhriti@example.com,2024-02-03,PREMIUM
354,Nitesh Sarraf,ekapadwali@example.net,2025-01-07,VIP
355,Teerth Chadha,maxsabharwal@example.net,2023-12-15,REGULAR
356,Divya Dey,jatinrajagopalan@example.com,2024-07-30,PREMIUM
357,Avi Mitra,frado38@example.net,2024-05-26,REGULAR
358,Wriddhish Talwar,manyamerchant@example.net,2025-03-02,VIP
359,Advik Patel,khoslaxalak@example.net,2024-11-14,PREMIUM
360,Urishilla Bora,lilasalvi@example.com,2023-08-06,REGULAR
361,Darpan Rao,atwaladweta@example.org,2025-09-05,PREMIUM
362,Fitan Yadav,yachana66@example.net,2025-10-24,PREMIUM
363,Yasti Jani,arunimachacko@example.com,2024-03-09,PREMIUM
364,William Bhardwaj,mahika91@example.com,2024-07-25,VIP
365,Dayamai Gill,sarafjack@example.com,2024-01-13,VIP
366,Idika Virk,devanadvay@example.org,2025-09-22,PREMIUM
367,Jacob Balan,ojas52@example.net,2024-12-13,PREMIUM
368,Faraj Taneja,hmagar@example.org,2025-06-18,REGULAR
369,Nakul Kumer,christopher79@example.org,2023-12-18,REGULAR
370,Advik Konda,kariyashodhara@example.org,2023-09-21,VIP
371,Balendra Saini,ypatla@example.org,2024-06-24,VIP
372,Kashish Dar,yuvraj65@example.com,2025-08-29,REGULAR
373,Nandini Biswas,golaudant@example.net,2025-07-03,PREMIUM
374,Abhiram Pillay,deepa51@example.net,2024-05-18,VIP
375,Wakeeta Hayre,daksha93@example.com,2025-11-07,REGULAR
376,Viraj Pal,matthewahuja@example.com,2026-03-25,PREMIUM
377,Damyanti Chawla,nayakaarav@example.net,2024-05-25,REGULAR
378,Ati Chander,oniswamy@example.org,2023-09-18,VIP
379,Tara Chad,zinalsachar@example.net,2025-12-30,PREMIUM
380,Falan Bhatia,tiwarikiaan@example.net,2025-05-17,REGULAR
381,Maya Narain,warjasmanne@example.com,2024-11-17,VIP
382,Laban Chopra,omagar@example.org,2024-03-09,VIP
383,Niharika Dara,galashivani@example.com,2025-10-21,PREMIUM
384,Jagdish Chana,sarthak74@example.com,2024-03-12,REGULAR
385,Yuvraj Parekh,banjeet35@example.org,2025-03-18,PREMIUM
386,Nidhi Sethi,mistryabha@example.org,2025-11-21,PREMIUM
387,Jairaj Arora,girindrashere@example.org,2023-10-15,REGULAR
388,Frado Lad,kalpithora@example.com,2023-11-05,PREMIUM
389,Kabir Chanda,bhattacharyyarudra@example.net,2024-12-08,REGULAR
390,Rachita Rana,basaktriya@example.org,2025-08-20,REGULAR
391,Tanish Grover,rajapooja@example.org,2024-09-11,VIP
392,Chakrika Tara,sanaya20@example.net,2025-04-12,REGULAR
393,Laksh Saini,fbhat@example.com,2024-05-16,PREMIUM
394,Varsha Sundaram,anirudhraja@example.net,2024-12-27,REGULAR
395,Theodore Balan,lipika42@example.org,2024-09-20,PREMIUM
396,Nathaniel Chaudhry,sodhiishita@example.net,2024-07-31,VIP
397,Theodore Rama,amairawalla@example.net,2025-01-13,VIP
398,Jagrati Bala,patrickkhalsa@example.net,2026-07-08,PREMIUM
399,Parth Swaminathan,lucky93@example.com,2023-09-08,VIP
400,Anmol Vyas,bhallaviraj@example.net,2025-07-23,PREMIUM
401,Peter Naik,narulasaksham@example.org,2023-10-12,REGULAR
402,Elijah Prakash,divanlucky@example.org,2026-07-10,VIP
403,Laban Dugar,vchaudhuri@example.com,2025-05-20,REGULAR
404,Udant Gill,lnadig@example.net,2025-02-18,PREMIUM
405,Mahika Bali,chaitaly22@example.net,2024-04-19,REGULAR
406,Garima Brahmbhatt,timothy91@example.com,2024-07-15,VIP
407,Sanya Apte,ekaja21@example.net,2024-08-26,REGULAR
408,Hritik Agarwal,zaidbir@example.com,2023-09-24,VIP
409,Odika Tailor,usarma@example.com,2025-02-19,PREMIUM
410,Nicholas Seth,keya17@example.net,2023-11-03,PREMIUM
411,Henry Borah,menonanmol@example.com,2024-12-23,VIP
412,Girik Nigam,keyadyal@example.net,2026-01-19,REGULAR
413,Radha Dugar,bbalasubramanian@example.net,2023-10-03,PREMIUM
414,Alka Manda,narulasamesh@example.org,2024-10-15,VIP
415,Mitesh Bhagat,gopalbawa@example.com,2025-01-22,REGULAR
416,Ryan Chatterjee,sanegagan@example.com,2023-08-20,VIP
417,Jack Morar,onkarmanne@example.org,2025-03-20,REGULAR
418,Lila Goyal,qsuresh@example.com,2025-02-07,REGULAR
419,Adya Sarraf,lpingle@example.com,2025-07-03,REGULAR
420,Gunbir Chada,upkaar49@example.org,2026-05-14,VIP
421,Lila Virk,odika93@example.net,2025-04-22,VIP
422,Megha Banerjee,ekeer@example.com,2025-08-29,PREMIUM
423,Siddharth Hans,jaisen@example.org,2024-01-24,VIP
424,Saksham Divan,sampathfarhan@example.net,2026-01-21,PREMIUM
425,Eshana Majumdar,ekaja11@example.com,2025-09-26,VIP
426,Isaiah Sachdeva,yarora@example.net,2024-02-29,PREMIUM
427,Bhavika Wason,harishcherian@example.net,2024-12-27,REGULAR
428,Urvashi Barad,ylalla@example.net,2024-04-04,VIP
429,Balvan Randhawa,neha29@example.net,2024-12-07,PREMIUM
430,Anmol Nazareth,chandransoman@example.com,2024-10-24,REGULAR
431,Charita Savant,avni71@example.org,2024-11-21,VIP
432,Siddharth Ray,omaja91@example.org,2025-08-02,REGULAR
433,Yashawini Raval,daksh82@example.org,2024-02-07,VIP
434,Zaid Bali,ghosereyansh@example.org,2025-06-20,VIP
435,Ucchal Tiwari,patelrushil@example.com,2025-03-19,REGULAR
436,Sanaya Goel,balasubramanianwyatt@example.com,2025-07-18,VIP
437,Bhavani Bala,hemangini24@example.net,2025-03-03,PREMIUM
438,Samuel Luthra,gabatanish@example.org,2026-04-19,VIP
439,Urvi Deo,bvarghese@example.net,2026-04-12,PREMIUM
440,Anvi Sampath,abhiramkapur@example.com,2025-02-15,PREMIUM
441,Mekhala Chaudry,tripti43@example.com,2023-07-23,PREMIUM
442,Gayathri Malhotra,barkha41@example.com,2026-04-02,REGULAR
443,Zansi Khosla,aradhana44@example.org,2023-10-08,PREMIUM
444,Widisha Merchant,rnagarajan@example.org,2024-08-18,PREMIUM
445,Ranveer Oza,yravel@example.net,2024-06-21,PREMIUM
446,Pratyush Memon,gparmer@example.com,2023-12-10,VIP
447,Gautami Chakraborty,vdave@example.com,2024-06-21,REGULAR
448,Abha Menon,udant46@example.com,2025-07-01,PREMIUM
449,Urmi Hayer,singhalchatresh@example.net,2025-08-27,PREMIUM
450,Matthew Devan,rajchanchal@example.com,2024-05-18,REGULAR
451,Pranit Buch,nimrat97@example.org,2025-08-07,VIP
452,Anusha Kadakia,peter50@example.org,2024-03-29,REGULAR
453,Pushti Raval,vrishtichakrabarti@example.org,2025-05-08,PREMIUM
454,Kashvi Atwal,arajagopal@example.org,2024-11-23,PREMIUM
455,Upkaar Padmanabhan,andrewagrawal@example.net,2024-11-07,REGULAR
456,Oliver Bhattacharyya,harshilrajagopal@example.net,2023-09-21,VIP
457,Radha Desai,bina78@example.net,2024-12-25,PREMIUM
458,Netra Bahl,wparmer@example.org,2024-06-30,VIP
459,Yamini Gara,karankakar@example.net,2024-01-19,REGULAR
460,Chanakya Chokshi,baljiwan64@example.net,2026-04-22,VIP
461,Lajita Dasgupta,bavajack@example.com,2025-11-08,VIP
462,Charvi Salvi,urvi23@example.net,2026-05-04,VIP
463,Omya Cheema,venkateshanamikaexample.net,2025-09-13,PREMIUM
464,Rushil Iyengar,mandalishaan@example.org,2024-08-23,REGULAR
465,Balveer Taneja,ishitarout@example.com,2024-05-29,REGULAR
466,Gaurav Choudhry,pnarayanan@example.org,2025-12-19,REGULAR
467,Harrison Kunda,fdixit@example.net,2026-04-07,VIP
468,Chandresh Chaudhry,tanmayiminhas@example.com,2024-04-08,VIP
469,Pooja D’Alia,mannanjagvi@example.net,2023-12-06,PREMIUM
470,Falguni Parmar,andralakshit@example.net,2025-05-21,REGULAR
471,Nandini Ratta,girik55@example.org,2025-06-20,REGULAR
472,Isaiah Deo,lekha76@example.net,2026-06-27,VIP
473,Raksha Golla,duttahemang@example.com,2026-02-15,REGULAR
474,Vasudha Sura,nparmer@example.org,2024-01-03,PREMIUM
475,Dipta Arora,csastry@example.org,2026-07-10,PREMIUM
476,Rachita Kothari,hamsinivenkataraman@example.net,2025-07-29,VIP
477,Advay Dugar,lekha28@example.net,2025-09-04,REGULAR
478,Ekani Khosla,ktandon@example.org,2024-12-07,PREMIUM
479,Neha Keer,chandresh83@example.net,2023-11-11,VIP
480,Gaurang Tara,zsawhney@example.net,2025-06-05,PREMIUM
481,Nitara Banik,jagat70@example.org,2025-11-23,PREMIUM
482,Tanmayi Om,chanddaksha@example.net,2025-01-26,PREMIUM
483,Januja Sethi,kapoorsuhani@example.com,2024-01-05,VIP
484,Bishakha Vig,kapadiaaarnav@example.com,2025-02-11,PREMIUM
485,Nimrat Chhabra,bathnitesh@example.com,2024-08-10,VIP
486,Tanvi Halder,raghavdara@example.com,2024-12-17,PREMIUM
487,Shravya Shankar,sachdevachakradhar@example.net,2026-04-29,PREMIUM
488,Rachita Subramanian,wishiagrawal@example.net,2025-09-08,VIP
489,Ekanta Thaman,oscardave@example.org,2025-02-28,PREMIUM
490,Chaitaly Sethi,rkothari@example.com,2024-02-04,VIP
491,Teerth Iyer,nitaravala@example.com,2024-06-01,VIP
492,Jack Pandey,hemani22@example.net,2025-12-01,PREMIUM
493,Pahal Arya,rsahni@example.net,2025-10-01,REGULAR
494,Daksh Iyengar,bakshilakshmi@example.org,2024-08-29,VIP
495,Chakrika Jani,bhavinikrishna@example.org,2025-10-29,REGULAR
496,Lopa Khanna,parmersneha@example.org,2025-09-12,PREMIUM
497,Chatura Arya,champak66@example.com,2024-08-05,PREMIUM
498,Ronith Hari,saanvikarexample.net,2024-10-10,REGULAR
499,Oscar Varkey,rgoel@example.org,2024-01-13,VIP
500,Kalpit Dyal,bbaria@example.com,2026-01-04,REGULAR
362,Fitan Yadav,yachana66@example.net,2025-10-24,PREMIUM
74,Ishwar Gade,udyatikunda@example.com,2024-11-06,REGULAR
375,Wakeeta Hayre,daksha93@example.com,2025-11-07,REGULAR
156,Sudiksha Om,chandtanveer@example.com,2024-03-12,REGULAR
105,Zarna Pathak,shereodika@example.org,2026-03-05,VIP
395,Theodore Balan,lipika42@example.org,2024-09-20,PREMIUM
378,Ati Chander,oniswamy@example.org,2023-09-18,VIP
125,Chakrika Merchant,khalsalakshmi@example.net,2023-08-15,REGULAR
69,Fiyaz Sangha,aviramesh@example.net,2024-02-07,PREMIUM
451,Pranit Buch,nimrat97@example.org,2025-08-07,VIP
