item_id,order_id,product_id,quantity,unit_price,discount_percent
1,68,468,4,44330.56,17
2,568,285,1,32647.24,8
3,312,326,4,25121.53,9
5,463,318,4,14604.62,10
6,1,129,4,42006.49,24
8,757,203,1,34981.78,8
9,743,108,3,30600.18,20
10,906,386,3,35446.15,17
11,252,236,3,47957.84,21
12,17,2,2,30517.58,0
14,552,457,1,41637.78,28
15,689,184,4,19460.2,0
16,128,114,2,37208.59,17
17,697,418,3,30749.45,19
18,828,496,2,18277.36,17
19,505,101,5,49216.32,40
20,406,253,3,8689.76,12
21,676,34,5,29490.6,4
22,131,452,5,26249.38,17
23,197,355,1,33951.18,39
25,875,209,4,13846.97,33
26,478,453,5,36116.77,3
27,285,3,5,19714.57,21
28,84,116,1,48909.16,27
29,981,169,2,15678.13,40
30,641,13,4,29708.03,40
31,958,243,3,12070.29,21
32,853,122,3,47188.67,38
33,635,297,1,6416.35,3
34,939,356,3,3438.41,8
35,64,313,4,31384.02,4
36,105,436,5,19196.48,6
37,633,404,2,33054.26,0
38,465,318,4,5243.64,1
39,465,53,5,811.97,4
40,608,65,2,31940.71,16
41,364,125,5,7056.1,2
42,62,492,5,32654.91,22
43,319,76,5,23582.28,38
45,244,217,5,17322.04,12
46,656,342,1,23891.11,29
47,615,172,5,30881.94,26
48,337,467,4,2301.17,14
50,827,423,2,49495.93,23
52,647,16,3,10116.32,18
53,179,174,3,42407.2,15
54,183,467,2,5239.27,8
56,379,410,2,49885.21,27
57,900,474,1,6713.58,12
58,197,220,3,48853.68,15
60,336,436,3,25511.82,37
61,908,405,1,33242.41,4
62,172,266,5,23320.51,20
63,730,254,4,23793.16,37
64,411,107,5,11132.41,12
65,463,218,4,44457.7,36
66,161,44,3,6889.65,5
67,303,22,3,23369.6,39
68,345,189,4,40264.32,20
69,280,136,2,32338.67,22
70,924,330,5,4092.32,17
71,949,20,1,27392.1,21
72,202,418,3,38470.45,17
73,196,386,2,35866.03,34
74,935,178,3,39199.79,25
75,969,7,5,23705.8,32
76,780,371,4,37507.03,30
77,240,370,5,40757.01,21
78,811,483,2,34957.48,13
79,450,72,5,28959.92,8
80,313,338,1,41748.08,21
81,231,354,4,26972.68,20
82,602,79,1,48866.72,21
83,582,294,5,43373.85,24
84,210,97,1,23843.93,21
85,584,54,3,33809.3,11
86,33,96,5,10110.14,24
87,291,36,3,22842.25,23
89,490,444,4,10482.69,13
90,318,295,4,46969.88,37
92,66,270,5,16578.79,36
93,901,378,4,4736.91,29
94,356,422,3,40537.24,11
95,426,235,5,19356.32,11
96,716,23,4,12136.82,10
97,281,470,5,3523.84,13
98,931,189,5,4011.38,6
99,517,85,3,12787.78,32
100,46,346,1,37536.86,24
102,335,35,4,4310.92,15
103,731,143,2,42109.81,10
105,80,79,1,22144.77,11
106,222,357,5,2578.25,40
107,831,158,1,22310.54,38
108,5,476,4,12635.05,15
110,697,50,2,39886.82,10
111,742,418,4,16491.65,35
112,642,203,2,46958.38,7
113,238,8,3,20226.55,20
114,13,337,4,40791.23,39
115,378,393,2,30023.68,6
116,730,492,5,4918.28,20
117,647,326,2,38133.47,20
118,872,312,1,45622.74,28
119,392,361,2,49421.37,14
120,22,378,1,21539.19,15
121,635,152,2,10260.19,24
122,210,307,2,49429.86,28
123,757,330,2,39391.15,2
124,534,148,4,37577.44,14
125,868,277,3,2892.88,15
126,821,196,2,26169.3,11
127,453,36,1,47692.33,3
128,650,89,2,29713.01,13
129,242,160,4,8375.11,12
130,251,147,5,28905.81,40
131,207,498,4,18107.18,24
132,172,377,4,21784.84,9
134,778,79,3,27732.04,11
136,74,470,4,9643.37,0
137,883,474,3,20907.84,25
138,994,329,4,49378.6,4
139,419,290,1,8285.65,27
140,981,251,3,31821.99,23
141,714,377,4,12490.23,30
142,36,347,3,1607.15,9
143,268,309,2,29001.42,10
144,13,470,1,19340.52,37
145,998,449,5,21262.65,27
146,259,338,5,44355.21,37
148,834,204,2,35010.65,0
149,173,397,1,34876.57,33
150,427,192,4,9482.72,8
151,203,231,5,28441.19,13
153,452,326,5,8473.08,18
154,88,16,3,29365.19,30
156,682,268,1,39630.97,24
157,618,243,3,37894.2,38
158,440,419,3,12131.93,23
159,682,183,5,43679.26,6
160,4,455,4,46266.85,1
161,617,359,5,37621.7,15
162,378,339,4,9559.16,40
164,695,379,5,30707.1,5
165,357,439,4,35035.09,6
166,752,74,5,43518.96,36
168,853,240,5,8569.03,28
169,978,109,5,8687.56,5
170,109,476,1,16459.74,24
171,785,488,3,44896.04,7
172,682,252,5,4704.0,21
173,893,308,5,3420.42,21
174,387,402,4,28182.62,27
175,828,45,3,5746.85,21
176,759,60,2,28727.38,8
177,874,1,4,15677.79,37
178,549,164,4,38609.79,8
179,533,203,5,657.59,29
180,324,256,3,34063.05,9
181,616,159,1,25218.42,7
182,281,425,5,10942.11,18
183,722,171,1,7804.57,13
184,869,27,2,46173.26,11
185,878,418,4,33030.67,10
186,23,243,3,49517.65,25
187,401,473,3,9915.59,35
188,404,298,3,43319.6,3
189,871,84,3,28942.44,28
190,713,412,2,37469.45,0
192,386,87,4,46314.07,6
193,365,61,2,49017.78,21
194,608,207,2,12401.05,7
195,247,489,3,8789.85,24
196,795,443,1,40946.12,24
197,282,62,4,6008.06,7
199,492,93,1,19321.2,27
200,306,366,1,45462.25,34
201,190,419,1,26913.56,33
203,772,307,1,34821.75,0
204,569,66,3,28839.04,10
205,90,64,1,25406.19,23
206,990,337,4,204.26,19
207,48,151,5,33026.05,28
208,144,181,3,30387.37,32
209,215,97,1,7255.03,13
210,981,184,5,14014.31,39
211,433,333,3,45202.26,25
212,468,482,3,34786.87,34
213,209,357,3,32349.45,23
214,578,215,5,41114.08,20
215,807,127,1,4060.72,7
216,545,169,5,32080.84,23
217,932,409,3,11443.12,0
218,101,54,2,39180.13,7
220,358,312,3,5133.49,3
221,175,413,4,37116.6,34
222,565,66,4,13101.24,32
223,731,291,2,36824.03,3
224,941,128,3,33975.12,26
225,724,409,4,23539.56,18
226,283,452,5,46205.84,14
227,313,209,1,38574.8,5
228,650,85,2,28850.77,5
229,762,6,4,48115.88,27
230,694,264,2,34319.07,34
231,715,467,1,41603.59,0
232,732,126,5,49712.25,33
233,701,87,5,33791.2,33
234,926,69,1,25781.49,3
235,433,58,2,17030.34,15
237,3,473,5,15380.03,32
238,846,435,4,24515.67,22
239,7,55,3,456.69,11
240,412,102,1,4420.24,32
241,921,4,1,7950.39,16
242,232,220,3,44631.23,34
243,832,225,4,8259.35,22
244,766,364,3,10083.54,12
245,292,170,4,45069.69,10
246,683,137,4,6115.86,31
247,564,392,2,39060.81,25
248,514,491,4,5572.4,1
250,440,149,1,14254.72,5
251,780,262,5,9505.64,17
252,786,127,3,33383.26,27
253,204,258,1,30632.8,12
254,876,68,2,20183.9,17
256,390,119,3,11244.41,27
257,491,156,4,5680.74,23
258,288,459,4,2568.31,2
259,1,242,3,14151.94,38
260,104,187,3,16847.25,7
261,100,67,5,16694.34,23
262,761,122,5,32582.37,13
263,599,381,1,30171.39,2
264,601,229,2,46289.93,4
265,965,243,3,49484.3,12
266,547,215,1,27614.68,16
267,913,459,5,18427.4,40
268,735,215,4,26283.39,32
269,810,496,5,6620.92,2
270,979,204,2,24852.29,34
271,892,385,1,25562.06,35
272,799,95,5,379.31,36
273,224,405,1,25737.22,32
274,725,113,3,14958.91,17
275,566,122,2,14733.8,40
276,152,139,3,43694.47,3
277,658,1,2,32502.55,40
278,620,362,3,44222.52,16
279,740,30,5,31372.57,0
280,844,498,3,978.8,37
281,109,132,4,43527.28,40
282,619,138,4,10355.15,40
283,828,119,4,36544.63,27
284,378,93,4,23077.63,11
285,194,11,2,15645.98,11
287,466,270,4,7037.11,0
289,136,481,1,31443.74,0
290,812,419,1,17051.82,5
292,491,137,1,31448.8,7
293,22,53,1,25674.81,26
295,232,367,4,41174.69,7
296,504,490,1,47801.28,22
297,79,474,1,46009.71,2
298,620,308,4,9232.0,27
299,154,147,3,17549.61,6
300,278,416,3,45367.84,4
302,835,373,5,14068.11,5
303,331,181,2,16101.93,27
304,493,326,4,16806.56,15
305,393,253,4,26717.23,14
306,394,398,4,34736.25,14
308,486,179,1,18170.76,8
309,302,468,5,21169.63,13
310,848,357,2,35257.35,24
311,751,360,4,5479.29,37
312,76,16,5,7514.96,9
313,81,417,1,20941.44,11
314,482,154,5,23615.19,21
315,455,80,1,3188.04,2
316,619,203,5,41667.47,29
317,568,257,3,15440.49,14
319,761,201,5,9347.95,35
320,620,335,4,32166.16,24
321,169,100,3,13641.99,6
323,67,159,1,9549.64,12
324,654,292,2,28326.88,36
325,810,484,1,15568.52,22
326,770,162,4,37641.75,22
327,998,460,1,37124.28,6
329,890,350,3,23262.69,40
330,96,414,2,34136.69,9
331,788,374,5,30515.2,33
332,953,174,4,14683.91,39
333,877,397,1,34207.1,15
334,214,79,5,28431.66,31
335,100,159,2,27447.38,5
336,511,152,3,8241.33,17
338,485,72,4,47003.51,36
339,500,439,3,31060.24,8
340,452,192,5,4357.83,26
341,519,330,1,3041.52,15
342,717,54,1,14674.9,10
343,584,448,1,23221.47,5
344,358,239,5,5634.13,11
346,325,360,5,37115.98,7
347,286,241,5,7446.59,13
348,328,32,5,46835.69,23
349,809,109,4,43427.43,27
350,277,36,2,13840.48,5
351,306,269,4,10862.42,16
352,189,220,1,17232.55,19
353,169,275,4,34503.76,10
355,575,371,5,33464.53,39
357,512,346,1,20438.05,33
359,38,280,2,38764.34,38
360,387,498,2,34045.49,0
361,380,158,1,25203.84,7
362,717,181,4,17740.12,34
363,437,91,3,23049.41,23
364,182,196,2,14394.39,27
365,650,464,5,42878.46,5
366,826,316,1,46638.34,6
367,509,52,5,31749.55,32
368,596,109,3,11299.39,29
369,565,487,2,6397.14,29
371,291,463,3,39797.88,26
372,690,14,4,7838.09,23
373,861,88,5,47966.2,27
374,248,330,4,19787.22,3
375,821,326,4,19642.5,11
376,413,119,5,5158.98,8
377,517,432,5,38156.16,16
378,858,48,3,1476.88,0
380,586,325,2,31648.79,22
381,192,275,2,42054.75,24
382,789,479,1,7359.72,1
383,654,475,1,29875.54,6
384,146,254,2,42262.26,13
385,401,250,1,47969.02,4
386,216,325,4,45433.46,10
387,185,324,2,30411.41,2
388,121,315,3,30079.64,0
389,163,99,3,30384.32,34
390,24,187,2,5916.47,13
391,31,355,2,47004.44,17
392,281,283,1,32665.84,29
393,764,205,4,46132.94,16
394,178,53,3,29265.68,37
395,320,250,2,21786.89,28
397,440,324,3,41003.22,28
398,172,210,5,14814.98,33
399,361,166,1,21583.46,11
400,367,191,2,7422.98,20
402,921,309,1,10766.32,13
403,106,414,5,43023.65,4
404,588,223,4,16025.61,20
405,203,141,4,21177.61,7
406,464,122,3,28905.41,18
407,19,467,5,23196.24,8
408,862,471,1,26470.18,21
410,325,397,4,15796.1,39
411,49,329,4,48364.2,7
412,864,115,5,2582.15,0
413,143,371,3,21896.99,10
414,91,276,3,49480.34,3
415,266,485,1,15353.65,16
416,338,88,4,46257.95,37
417,472,386,3,29289.69,26
418,653,124,1,28978.66,31
419,1000,136,4,38356.86,5
420,362,377,2,42822.0,4
421,77,344,1,10963.55,24
422,193,303,3,38127.81,32
423,880,336,3,7869.15,32
424,109,198,2,48758.22,39
425,526,143,4,21270.08,19
426,975,449,1,5537.23,7
428,361,221,5,10760.89,25
430,665,97,4,20254.07,38
431,283,56,4,34121.79,15
432,982,19,1,28846.48,15
433,68,318,3,35035.71,25
434,402,451,2,34645.85,31
435,211,148,2,35351.5,18
437,874,349,2,3658.84,11
438,341,342,2,23835.11,21
439,22,88,3,34024.31,0
440,609,251,4,43686.28,30
441,113,149,1,41800.88,33
442,516,52,2,15369.19,21
443,464,132,3,33237.74,16
444,374,171,3,44590.35,38
445,496,11,5,7565.44,26
446,877,16,2,12369.52,27
447,369,489,1,19013.36,6
450,317,176,5,41741.74,7
451,444,406,5,17480.49,7
453,639,148,2,3417.9,18
454,16,304,2,6347.1,31
456,805,45,5,35717.22,9
457,751,149,5,11099.12,30
459,943,224,3,34010.38,20
460,824,214,2,27803.33,19
461,313,237,5,27382.37,24
462,802,270,4,22206.69,20
463,516,219,3,23434.32,26
465,630,192,2,6538.29,34
466,922,433,3,19754.43,25
468,850,50,1,41132.62,36
469,494,300,1,33785.77,3
470,719,496,2,24866.17,14
471,917,160,2,36013.27,0
472,825,1,2,7820.5,7
473,533,13,2,41669.78,28
474,401,248,1,49138.27,15
475,862,349,3,22068.67,39
476,127,420,1,37281.0,15
477,175,246,5,14643.8,6
478,983,201,3,19413.88,6
479,476,146,4,22962.7,36
481,44,240,3,44144.72,29
483,925,90,4,32864.78,22
484,672,440,3,39377.5,17
486,386,295,5,35483.31,32
487,795,166,3,29524.83,37
488,357,16,4,42631.15,10
489,238,348,1,23925.37,14
490,791,451,2,8865.1,24
491,774,129,1,5900.79,4
492,453,16,5,46192.83,20
493,111,327,4,28774.23,12
495,445,13,2,31529.96,6
496,209,185,2,38764.41,36
497,560,374,3,47895.63,33
498,509,243,2,25142.34,22
499,634,225,2,21490.09,24
501,511,12,5,11356.26,18
502,945,35,4,43647.64,10
504,513,358,5,44612.06,37
505,483,17,3,17034.65,16
506,206,281,1,40874.77,21
507,947,38,1,40321.97,36
508,927,37,1,47505.41,38
509,758,246,1,47340.71,17
510,741,116,1,32586.78,27
512,548,378,4,1101.12,30
513,54,221,4,35126.62,35
516,423,411,5,941.95,15
518,359,67,2,30384.97,30
519,674,481,1,27273.58,31
520,723,440,3,11170.31,19
521,965,335,5,12361.45,17
522,327,178,5,45041.18,39
523,498,431,2,48801.73,14
524,313,372,2,40855.71,9
525,37,233,4,47661.64,1
526,511,197,3,15160.56,5
527,62,10,5,43166.09,24
528,455,338,2,21668.03,3
529,677,480,5,1494.41,38
530,773,303,3,10983.9,1
531,350,219,5,39174.11,3
532,827,478,4,33962.88,34
533,475,134,5,8294.93,24
534,479,8,2,14178.87,17
535,88,293,5,19851.14,39
536,281,415,3,38623.88,0
537,128,434,3,9103.46,29
538,18,184,4,24114.35,35
539,224,142,5,44872.81,35
540,322,393,4,39379.44,16
541,890,76,2,43587.71,3
542,239,260,1,43056.4,37
543,325,366,2,49600.16,16
544,17,23,3,30108.83,22
546,585,219,4,43817.49,9
547,26,209,3,44890.13,23
548,482,83,3,18541.44,18
550,524,365,5,17333.83,13
551,388,77,1,19178.27,5
552,979,295,2,31590.15,26
553,552,311,5,23721.99,33
554,533,295,3,14794.65,15
555,337,162,3,37459.78,7
556,710,181,4,28110.77,4
557,937,230,4,39357.95,14
558,584,126,2,38867.12,26
559,691,408,2,14486.88,20
560,121,76,4,28885.39,40
562,270,65,4,43499.05,27
563,25,444,1,26559.62,24
564,926,286,2,12223.46,18
565,122,316,3,5567.04,2
566,76,467,3,20561.96,28
567,759,359,3,6903.36,11
568,742,459,5,587.63,37
569,379,225,4,9000.77,37
570,287,253,1,17187.64,36
571,531,476,5,21449.14,20
572,394,22,2,40736.56,13
574,170,115,3,44290.39,18
575,962,474,5,11737.39,17
576,145,387,5,8608.85,38
577,925,100,5,531.92,1
578,379,228,5,26140.52,29
579,303,222,1,24764.13,5
580,886,60,3,48428.29,5
581,763,260,1,16899.79,29
583,444,431,5,27996.88,40
584,37,301,1,18935.21,14
585,690,417,4,9517.82,31
586,290,439,1,36219.52,13
587,4,107,4,35557.53,2
588,429,299,5,11888.85,22
589,496,431,2,11748.29,18
590,685,279,4,24151.76,6
591,225,229,3,16404.77,27
592,119,178,3,34909.04,8
595,422,134,4,45635.96,17
596,498,24,3,15563.83,26
597,227,400,2,31339.27,39
599,93,393,3,38347.44,4
600,671,102,2,49263.82,34
601,406,83,2,45550.56,21
602,424,19,2,42305.0,33
603,105,145,4,15213.03,14
604,647,384,2,6357.41,24
605,672,40,3,3879.73,26
607,199,218,3,25715.31,1
609,386,209,1,28137.61,30
610,292,196,5,1057.18,31
611,746,366,3,5593.55,14
612,592,229,4,18617.12,36
614,575,43,4,7238.26,39
615,859,31,5,38416.94,16
616,422,19,3,16207.86,36
618,559,363,2,24253.22,35
619,880,218,1,35022.93,24
620,131,63,2,8476.61,28
621,891,254,1,8701.96,33
622,499,5,5,14978.2,27
623,302,315,3,44499.35,36
625,532,480,4,16642.82,8
627,69,97,1,10123.53,6
628,551,240,1,29803.83,4
629,359,8,2,46408.4,17
630,292,157,4,18490.29,25
631,957,104,5,4058.31,9
632,106,289,3,5295.64,33
633,602,396,4,42699.33,38
634,284,243,5,10623.47,0
635,803,412,2,30823.2,9
636,169,459,1,48498.14,8
637,524,168,4,15267.4,7
638,247,362,4,23829.0,19
639,859,310,5,42141.12,10
640,969,431,3,21974.71,28
641,502,286,3,45008.15,22
642,183,395,3,33567.95,27
643,219,92,2,46672.98,0
645,933,7,3,30417.37,2
646,663,357,4,35272.37,17
647,641,442,5,35957.87,30
648,623,384,4,43771.85,34
650,892,434,1,6147.45,28
651,653,279,3,14018.41,12
652,671,345,1,42441.86,20
653,920,188,5,25913.75,25
654,427,423,1,38112.39,9
656,420,288,1,17664.1,21
657,478,238,1,4590.47,5
658,187,321,2,48295.13,10
662,856,152,2,13115.83,28
663,271,179,3,38664.05,33
664,461,428,2,29344.1,9
665,551,416,4,34164.48,18
666,213,381,5,39755.89,5
667,526,134,3,1766.11,7
668,530,240,2,29423.67,23
669,578,166,5,35124.16,40
670,368,244,1,16868.68,6
671,192,280,3,9470.8,1
672,450,356,4,21861.43,25
673,485,308,3,17026.34,25
674,308,462,2,46358.94,6
675,432,206,3,29735.19,10
676,525,495,3,34942.05,33
677,204,67,5,33237.64,3
678,994,235,2,19920.49,29
679,1,155,2,15514.83,11
680,242,126,4,7876.07,35
681,866,177,1,5175.69,35
682,704,343,2,18939.32,29
683,724,163,1,38199.61,8
684,410,374,3,43659.65,38
685,404,380,3,48517.24,1
686,228,189,2,18241.57,32
688,193,174,3,19326.51,11
689,436,421,3,24136.47,16
690,982,350,2,25963.96,6
691,477,52,3,32862.26,25
692,823,295,2,25447.13,29
693,12,28,4,15287.13,16
694,760,466,5,22623.44,23
695,800,498,3,18370.12,11
696,435,41,4,7689.28,21
697,971,264,5,40679.19,29
698,446,445,3,24583.15,23
699,52,173,3,33814.81,1
700,556,9,3,22449.15,19
701,652,19,1,26657.17,25
702,255,373,5,7403.29,31
703,442,353,3,30938.61,33
704,583,20,1,7508.17,40
705,832,372,4,4122.49,40
707,857,293,1,13196.59,19
708,631,26,2,18836.97,30
709,221,353,4,38959.79,17
710,514,93,5,33974.77,17
711,6,337,1,6662.39,17
712,474,116,3,1100.03,20
713,227,312,3,41383.35,37
714,431,244,3,46507.66,0
716,216,131,2,20266.32,36
718,379,240,3,1672.32,39
719,599,213,3,49792.13,1
720,770,121,5,18889.16,34
721,135,112,1,10723.0,7
722,585,377,2,48949.05,35
723,419,307,2,14088.21,23
725,507,231,3,8017.0,11
726,410,391,5,23308.27,11
727,700,215,4,48717.52,26
728,194,313,5,31072.03,5
730,583,12,1,37199.68,24
731,566,83,2,22996.89,15
734,816,57,4,40223.61,21
735,894,370,2,48131.21,0
736,767,241,4,43136.01,4
737,802,276,3,6224.9,38
738,663,424,1,36356.38,18
739,832,367,1,46384.02,40
741,772,337,2,17123.76,15
742,815,329,3,34747.06,29
743,921,176,2,14905.55,28
744,339,305,3,1980.08,8
745,152,190,1,28264.26,18
746,315,157,2,23869.19,28
747,690,150,2,42985.55,16
748,653,76,2,29294.89,16
749,373,317,5,45020.2,22
750,660,192,5,19023.34,31
751,664,248,5,44877.25,0
752,685,106,3,11370.64,17
753,624,183,1,25039.75,36
754,935,434,1,40981.04,33
755,920,17,2,20044.86,6
756,975,493,1,26830.74,34
757,894,268,1,12549.0,16
758,817,368,2,22912.09,2
759,624,98,3,36720.2,4
760,928,107,5,11533.8,37
761,780,452,4,39114.35,20
762,809,227,2,4352.63,12
763,103,154,2,28552.6,37
765,604,1,5,12737.04,26
766,616,248,2,25807.17,19
767,271,348,2,28150.96,19
768,641,164,2,44689.69,32
769,482,222,2,33714.21,6
770,948,276,3,41163.37,12
771,798,257,2,15408.11,33
772,484,108,3,28636.22,9
773,332,437,4,8065.57,10
774,334,404,4,20962.08,17
775,235,428,4,15320.18,9
776,314,162,3,22595.45,27
778,363,393,2,13855.52,12
779,214,192,3,1379.21,27
780,810,103,5,39914.24,39
781,516,125,3,8188.81,30
782,965,485,4,2490.8,24
784,104,190,3,22018.59,18
787,336,419,3,14712.69,1
788,144,359,1,35627.85,20
789,981,110,4,9370.17,29
790,234,498,3,35262.2,16
791,619,329,1,20656.79,25
792,826,31,1,45666.51,32
794,504,377,3,3962.52,5
795,998,409,1,25772.32,5
796,588,98,5,37644.99,27
798,75,271,5,39099.42,27
799,911,320,5,41445.49,1
800,9,439,4,11299.92,20
801,546,295,2,46282.76,36
802,157,93,2,5224.65,34
803,617,277,1,17556.28,4
804,336,104,2,15285.89,27
805,278,14,2,7038.15,28
807,390,106,4,38594.99,37
808,835,297,2,36281.01,7
809,167,380,1,30321.45,20
810,426,185,1,24003.35,32
812,364,223,3,47307.84,19
813,235,415,1,19606.37,30
814,17,460,3,16298.89,9
816,781,444,5,37044.49,18
817,381,90,2,46827.32,9
818,760,474,2,5647.7,10
819,31,192,3,45467.25,16
820,637,456,1,23631.02,9
821,936,307,5,36181.63,10
822,162,48,3,21110.17,4
823,116,439,4,44927.54,28
824,138,241,1,44997.54,16
826,490,113,5,25833.75,9
827,231,145,1,44368.51,6
829,685,453,5,13482.95,8
830,336,479,2,42567.27,24
831,648,8,2,7319.13,2
832,856,6,2,28689.92,30
834,559,264,3,46209.5,21
835,914,250,3,38645.99,29
836,680,135,3,3343.26,23
837,437,117,5,48759.38,7
838,124,178,3,15490.11,27
839,567,498,1,25335.24,25
840,840,431,5,34092.6,1
841,204,400,3,7758.21,33
842,538,118,5,34746.0,33
843,171,326,1,31788.77,39
844,232,490,2,30561.34,12
845,286,462,4,26183.08,26
846,916,481,3,15139.66,4
847,258,376,3,30733.24,4
848,61,422,2,8180.6,15
849,401,100,4,12578.95,22
850,73,206,3,6348.88,37
851,968,345,2,13918.42,20
852,12,53,5,38628.57,38
853,483,64,4,27154.72,39
854,466,487,3,49400.38,24
855,859,219,1,29331.93,31
856,777,375,5,30245.14,38
857,886,494,4,21737.37,3
858,654,376,3,13938.11,16
859,656,129,4,49157.71,5
860,14,254,4,11225.13,27
861,682,429,4,28367.88,38
862,532,56,4,29599.08,6
863,590,345,2,35523.4,38
864,432,404,1,22124.21,29
865,588,417,1,40299.99,27
866,686,13,2,31599.96,21
867,102,374,4,22939.83,16
868,368,495,3,12585.31,28
869,803,326,4,13306.05,10
870,215,380,5,20185.78,22
871,800,171,4,17719.87,34
872,758,157,2,5244.65,5
873,655,96,5,37876.91,12
874,272,413,4,22000.9,23
875,773,58,2,9651.53,19
876,931,287,5,27005.07,25
877,634,365,2,29978.88,25
879,107,498,3,4294.14,14
880,454,342,2,49635.33,1
881,507,116,2,22129.72,13
883,570,96,5,42425.66,37
884,410,362,4,39880.51,23
885,823,461,4,46290.19,15
886,328,69,1,16218.8,15
887,815,470,2,39254.09,32
888,726,424,3,30283.76,22
889,735,115,5,23371.26,36
890,857,303,5,21921.98,10
891,23,459,5,17510.63,9
892,66,142,1,28573.73,1
893,731,483,4,6841.17,25
894,221,346,3,15372.12,14
895,584,74,5,38361.75,37
896,323,387,5,18045.81,7
897,794,212,5,36572.94,12
898,255,16,2,32540.47,31
900,825,176,4,9312.88,19
901,364,256,4,4718.58,16
902,412,325,3,4262.11,28
904,61,494,1,49259.41,0
906,880,318,2,25010.43,34
907,224,468,1,7902.62,23
908,588,451,4,38644.78,32
909,153,20,4,46777.59,7
910,827,350,3,9184.75,33
911,172,80,4,49867.63,21
912,961,402,5,22507.19,7
913,685,73,3,12124.68,31
914,193,470,1,49120.81,30
915,831,267,5,4729.48,20
916,934,268,5,19830.41,34
917,659,391,3,10062.47,40
918,437,13,4,24663.72,20
919,575,403,4,38582.89,3
920,541,158,2,44626.21,36
921,556,274,3,1592.56,19
922,395,423,5,34271.44,27
923,757,349,2,35019.32,13
924,102,365,2,16151.46,13
926,947,469,2,41598.94,11
927,400,206,3,2428.89,9
929,318,6,3,20911.19,26
930,387,250,2,12820.59,0
931,642,230,1,6618.63,14
932,73,406,1,24529.13,11
933,550,367,3,46544.84,25
934,292,134,3,5602.9,7
936,131,56,1,5748.05,2
938,631,394,2,2244.38,32
939,786,23,2,28526.31,9
940,350,180,3,23209.36,3
941,401,116,3,9361.37,12
943,617,281,5,48215.99,3
944,115,9,4,31005.59,10
945,742,462,3,5368.87,14
946,7,199,5,38481.03,7
947,878,38,1,1185.71,30
949,700,326,3,22858.22,9
950,466,147,3,31927.24,11
951,987,189,3,37052.28,27
952,825,364,1,44014.29,14
953,412,208,3,21172.8,26
954,472,238,4,18305.3,20
955,682,112,5,35686.98,36
956,200,238,5,27500.63,26
958,308,103,5,11015.47,35
960,25,89,4,13811.34,36
961,788,411,4,10050.93,26
962,325,250,2,15947.49,39
963,544,403,1,3454.88,1
964,9,47,1,15802.04,22
966,598,361,4,8925.86,19
967,104,78,2,8330.19,7
968,546,283,4,31508.39,17
969,707,340,2,47281.01,28
970,100,243,2,19092.61,10
973,71,202,5,45854.85,7
974,958,165,2,14759.0,5
976,374,267,2,45233.14,1
977,502,123,2,35085.64,16
979,676,447,5,48916.78,39
981,398,172,3,18466.34,32
982,875,176,4,6790.54,22
983,737,137,2,4348.65,28
984,941,459,3,5853.56,8
985,826,192,2,3434.97,36
986,821,5,1,36210.73,21
987,892,321,1,48289.09,29
988,647,29,1,35266.55,12
989,941,368,1,47579.32,0
990,444,368,2,4154.72,20
991,641,363,4,49398.89,38
992,724,304,3,43277.41,3
993,454,499,1,10046.48,9
994,900,360,2,38130.99,12
995,192,326,2,41834.81,18
996,616,129,3,41258.53,15
998,506,419,1,21618.72,28
999,13,395,1,45833.4,23
1000,715,373,1,42018.31,28
1001,367,154,4,38217.94,20
1002,560,88,2,2326.43,22
1003,420,408,4,42354.78,25
1004,475,73,4,36945.39,24
1005,430,196,2,49490.15,40
1006,153,419,1,33156.25,11
1007,155,9,2,19686.32,9
1008,278,82,1,15315.4,35
1009,285,256,4,21756.24,10
1010,500,55,1,3531.92,20
1011,723,266,3,47178.23,13
1012,427,174,3,31596.86,39
1013,440,145,5,17186.64,23
1014,827,497,2,23781.45,1
1015,458,168,2,34476.43,20
1016,650,285,4,17169.72,21
1017,716,401,2,31707.55,14
1018,726,128,2,24531.68,30
1020,542,485,5,47921.98,17
1021,69,142,2,35653.0,23
1022,869,325,4,352.05,22
1023,845,140,5,47842.05,31
1024,322,416,5,32362.91,38
1025,620,100,1,26270.41,32
1026,290,420,4,42664.51,19
1028,81,196,2,27852.17,38
1029,455,234,1,13942.28,38
1030,465,490,5,1044.42,3
1031,889,162,4,41623.86,24
1032,564,203,4,9064.32,39
1033,857,388,3,28512.78,32
1034,58,475,2,3581.15,9
1035,105,185,2,48621.51,21
1036,84,280,1,3295.09,26
1037,658,46,2,40755.33,28
1038,163,29,3,32308.98,35
1039,25,22,2,11106.25,14
1040,973,166,2,19498.76,40
1041,687,253,5,1370.95,26
1042,564,107,2,11629.4,31
1043,8,189,1,25555.6,10
1045,273,428,5,10238.98,38
1046,263,202,3,6134.55,18
1047,463,344,5,25687.89,25
1048,210,55,1,37192.11,13
1049,205,346,3,10874.25,37
1053,772,306,4,14410.06,15
1054,80,318,1,2691.4,0
1055,970,196,1,36491.66,10
1056,100,498,2,21273.65,23
1057,78,18,1,44946.38,19
1058,146,326,2,37264.17,1
1059,902,58,4,4487.54,15
1060,467,140,5,13649.33,36
1061,492,204,2,33965.36,1
1062,39,499,4,860.8,2
1063,673,369,3,24062.72,17
1064,25,230,2,40555.63,2
1066,733,46,1,29982.84,29
1067,841,462,2,18689.36,35
1068,554,298,3,20208.6,29
1069,356,385,2,44493.57,34
1071,947,277,4,43117.64,10
1073,554,294,2,7148.16,13
1074,845,451,1,5771.62,32
1075,558,131,1,46738.36,10
1076,758,167,3,36646.36,23
1077,562,202,5,11109.76,22
1078,768,330,1,22791.97,12
1080,248,278,3,31984.78,12
1082,69,184,1,33146.94,0
1083,715,107,3,15328.57,39
1084,604,348,5,24668.41,2
1085,512,243,1,43086.51,24
1086,771,301,1,31087.54,22
1087,972,195,4,2125.84,31
1088,778,48,4,4331.64,40
1089,945,124,4,30259.71,30
1090,36,438,5,22669.71,39
1091,421,346,2,39085.58,32
1092,456,357,2,28339.49,34
1093,670,358,3,25933.47,11
1094,924,308,2,16704.5,7
1095,704,249,1,12602.32,24
1096,795,23,2,15253.38,14
1097,349,118,5,35748.63,7
1098,104,485,2,30339.26,1
1100,651,143,4,21927.3,27
1101,69,341,3,18010.6,25
1102,520,83,2,4501.6,11
1103,681,135,5,23998.41,11
1105,765,262,1,39446.74,7
1106,538,156,5,44043.16,8
1107,328,97,4,33269.01,30
1108,491,325,2,31426.08,4
1109,150,390,5,3586.1,32
1110,75,212,2,42020.59,23
1111,961,386,3,21707.18,20
1112,800,477,2,18809.38,28
1113,621,66,2,24072.42,32
1114,911,267,2,14523.86,4
1115,444,44,4,35282.82,9
1116,792,144,3,23332.45,21
1117,311,158,5,42797.87,30
1118,524,473,5,34172.75,38
1119,677,47,2,34632.92,21
1120,546,138,1,46721.21,18
1121,609,166,3,45379.44,36
1122,196,172,3,25980.05,26
1123,286,97,4,38462.04,8
1124,822,352,3,18202.05,34
1125,567,89,4,6037.1,18
1126,654,426,5,17001.13,31
1128,350,64,5,48332.38,35
1130,598,102,5,13431.92,27
1131,644,224,5,19466.86,7
1132,144,28,3,2243.52,4
1133,285,402,5,4975.35,27
1134,210,58,5,17012.77,39
1135,737,113,4,30991.93,36
1136,770,122,5,7754.8,35
1137,599,495,2,41290.94,13
1139,829,209,1,11204.48,29
1140,625,144,2,5547.87,15
1141,688,435,5,19457.82,13
1142,238,228,1,22237.87,24
1144,448,11,5,25051.8,39
1145,398,74,5,35232.13,38
1146,858,207,4,10515.12,20
1147,362,461,2,11698.59,38
1148,899,289,1,12354.83,4
1149,464,177,1,18104.12,1
1150,503,46,4,21980.64,22
1151,235,87,3,11113.01,37
1152,661,434,5,2007.41,24
1153,374,469,2,8105.93,39
1154,713,478,3,12906.24,9
1155,301,469,4,9463.8,26
1156,320,48,1,31123.04,36
1157,671,241,2,47112.4,10
1160,741,126,5,39388.04,20
1161,876,11,3,25145.47,3
1162,404,434,1,6788.09,38
1163,855,233,3,8922.22,7
1164,731,35,5,49146.24,8
1165,1,347,5,37762.08,35
1167,806,269,4,46856.13,10
1168,516,106,2,3856.17,23
1169,863,196,5,18922.02,23
1170,25,111,2,21889.77,40
1171,769,384,5,7164.29,19
1172,406,463,1,22063.5,31
1173,409,105,4,23272.31,26
1174,983,473,2,5243.99,23
1175,55,447,4,21782.44,38
1176,302,21,5,46712.06,30
1177,70,260,2,8464.08,6
1178,150,13,5,25573.43,40
1179,534,409,4,30723.72,22
1180,637,265,3,29363.93,28
1181,777,400,5,27489.89,36
1182,519,194,2,16641.57,28
1184,632,23,4,15284.93,8
1185,200,423,2,44181.7,27
1187,272,469,1,49063.62,31
1188,117,176,4,30916.56,23
1189,872,281,3,44480.68,21
1190,647,350,5,41800.86,37
1191,533,126,5,11464.7,1
1192,445,154,3,25043.94,25
1193,53,132,3,5503.54,9
1194,569,128,2,23324.51,9
1195,949,212,5,37177.67,26
1196,581,320,1,24162.45,4
1197,794,418,1,21721.95,26
1198,485,61,3,15538.77,31
1199,901,208,4,21619.26,15
1200,294,307,2,16491.72,24
1201,874,378,1,622.8,34
1202,439,407,1,40443.3,9
1204,683,159,1,16641.06,2
1206,919,304,4,14713.14,33
1207,74,237,3,30387.15,16
1208,162,311,5,11344.84,18
1209,33,356,3,23738.48,28
1210,368,362,3,40768.97,26
1211,827,108,3,12185.93,9
1212,721,449,1,6062.36,6
1214,245,477,4,32286.69,35
1216,401,431,1,42682.77,16
1217,399,495,4,19994.98,20
1218,461,363,3,21232.95,20
1219,982,95,5,570.45,10
1220,978,172,1,7578.76,8
1221,246,465,4,10272.32,11
1223,382,423,1,48469.85,12
1224,217,201,5,44501.4,37
1225,628,487,2,36617.3,2
1226,466,276,5,49840.15,29
1227,46,322,1,48261.27,4
1228,486,469,4,44241.52,36
1229,237,136,5,15154.07,2
1232,822,280,5,47007.86,1
1233,514,340,3,2749.55,37
1234,219,60,5,42790.65,24
1235,575,103,2,907.73,27
1236,82,11,2,5153.1,16
1237,174,464,3,21437.18,10
1239,71,437,2,46867.72,15
1240,68,59,3,38292.03,21
1241,125,63,5,24165.85,39
1242,285,181,3,8984.65,12
1243,559,318,1,40257.89,5
1244,65,418,3,34538.58,12
1246,107,98,4,31129.54,30
1248,571,189,4,10115.83,2
1249,38,9,1,49385.59,23
1250,665,442,1,23281.37,8
1251,864,60,5,29725.7,30
1252,507,175,5,6163.7,2
1253,806,275,3,41143.8,18
1254,40,341,1,48211.08,8
1255,713,144,4,17129.07,26
1256,77,158,3,36983.69,26
1257,24,365,3,4835.2,8
1258,954,186,5,5846.03,16
1259,787,109,1,29194.96,5
1260,238,282,3,37791.06,5
1261,832,280,5,15000.88,35
1262,674,21,4,15732.23,26
1263,96,71,3,3623.63,37
1264,5,415,4,18184.18,34
1265,110,459,5,39746.53,5
1267,482,491,2,41144.35,32
1268,245,449,1,13811.06,12
1269,505,314,1,33410.74,12
1270,845,499,3,29620.35,37
1271,295,64,5,35403.84,16
1272,664,208,1,29618.72,16
1273,708,298,2,6174.87,15
1274,136,382,2,2518.9,4
1275,701,58,2,28813.82,13
1276,735,175,1,10475.41,9
1277,151,167,1,48867.05,24
1278,676,104,3,42916.26,9
1280,502,130,3,352.26,29
1281,163,269,1,14595.83,26
1283,485,233,5,17522.58,14
1284,461,494,3,19651.63,10
1286,225,479,5,7405.67,17
1287,739,140,3,43127.72,33
1289,248,388,3,47892.41,35
1290,877,322,5,24952.43,33
1291,4,354,1,38530.39,26
1292,582,56,4,36684.42,27
1293,258,322,3,20217.29,38
1294,579,320,1,9974.18,15
1295,333,389,3,12210.12,21
1297,237,212,1,26842.04,4
1298,106,70,5,11192.46,13
1299,224,471,1,29457.48,7
1300,288,48,4,17172.55,15
1301,627,275,3,37371.6,15
1302,46,337,3,37914.85,0
1303,949,455,2,16671.06,5
1304,516,219,5,34879.68,22
1306,22,81,2,11864.13,2
1307,751,152,2,23150.58,28
1308,232,468,1,36258.28,23
1309,643,222,3,7865.69,4
1312,158,417,4,8476.22,33
1313,731,478,5,29665.81,37
1314,338,305,2,26735.82,36
1315,221,429,4,39776.88,17
1316,324,409,2,38636.11,1
1318,119,118,2,36902.78,34
1319,973,466,5,32552.83,8
1320,55,410,5,6496.07,3
1321,521,124,5,27042.34,5
1322,348,171,1,27535.59,11
1323,46,405,2,11181.29,40
1324,92,217,5,36101.81,34
1326,31,397,1,33311.13,1
1327,884,85,1,37926.41,40
1328,600,413,2,5093.38,34
1331,88,296,2,27092.67,18
1332,503,423,1,38208.79,32
1333,637,21,3,25455.76,29
1335,354,265,1,13898.95,9
1336,415,77,1,39925.47,32
1337,234,188,3,15644.29,10
1339,417,315,4,28001.47,39
1340,364,399,1,31885.0,33
1341,190,25,1,46421.3,25
1342,259,469,1,26558.62,0
1343,268,330,3,9036.76,30
1344,511,194,2,35965.43,12
1345,542,80,4,33715.39,9
1346,714,268,3,28656.74,19
1348,378,54,5,15617.33,16
1350,400,444,3,43698.65,11
1351,413,350,3,9510.37,12
1352,983,241,1,18988.1,26
1353,812,492,3,40773.15,32
1354,939,189,2,12223.88,32
1355,532,498,3,6885.84,39
1357,245,392,2,41232.09,12
1358,849,363,5,6284.58,14
1359,827,365,1,30072.79,33
1360,478,311,1,48784.39,15
1361,608,69,2,20368.73,20
1362,232,371,4,4026.66,5
1363,941,493,5,16506.57,24
1364,98,399,5,27716.98,33
1367,251,360,3,24968.11,18
1368,843,465,1,20892.44,0
1369,904,313,2,39645.71,8
1370,908,414,3,6334.05,33
1371,655,150,3,11447.04,25
1372,543,388,1,49847.26,12
1373,175,311,2,30177.84,9
1374,76,215,3,4021.88,16
1375,957,275,3,20480.95,2
1376,850,173,1,12034.9,25
1377,439,50,1,6002.33,8
1378,437,484,1,9808.34,3
1379,533,453,3,30449.88,1
1380,396,482,4,37309.03,6
1382,522,249,4,31393.64,31
1383,435,269,2,41603.3,18
1384,768,459,1,27815.63,33
1385,459,245,3,43169.12,35
1386,755,109,2,11840.62,23
1387,630,190,1,22686.39,1
1388,621,290,5,29126.01,4
1389,823,9,5,35789.71,28
1390,262,307,2,35366.85,39
1391,966,193,5,43505.08,18
1392,851,382,5,36541.96,29
1393,92,402,3,18435.79,24
1394,653,290,2,5326.61,1
1395,791,406,3,48747.72,12
1396,977,430,2,39060.68,14
1397,302,287,4,48039.28,3
1399,121,16,4,32168.41,11
1400,768,371,5,11559.9,38
1401,226,333,5,12349.3,33
1404,625,435,1,39246.99,25
1405,605,223,5,33113.75,5
1406,803,209,5,31591.57,13
1407,16,426,4,34346.42,9
1408,785,173,5,49027.61,7
1409,258,77,3,12181.92,19
1410,871,427,1,47969.28,30
1411,771,264,1,21825.56,25
1412,930,60,1,41718.77,24
1413,516,417,1,30672.12,1
1414,50,314,4,32484.6,5
1415,301,165,1,2905.31,26
1417,643,144,3,13652.05,31
1418,452,30,3,35772.91,28
1419,907,211,4,33635.39,38
1420,141,382,5,43647.93,40
1421,846,83,4,28357.98,38
1423,270,233,2,11759.23,8
1424,978,88,3,10290.4,25
1426,695,195,5,5808.48,27
1427,244,254,3,27396.42,22
1428,386,457,2,33460.23,18
1429,315,87,1,43254.99,20
1430,49,23,4,48659.31,6
1431,442,105,1,34166.03,6
1433,684,427,2,8241.55,5
1434,900,94,5,5296.43,12
1435,268,280,4,17138.85,31
1437,896,435,2,25861.96,34
1439,983,302,4,27321.0,40
1440,439,359,1,3242.23,31
1441,242,76,5,43033.03,0
1442,374,44,4,33013.74,10
1443,185,82,3,4492.22,25
1446,667,293,2,7109.46,36
1448,241,402,5,27426.96,1
1450,709,369,5,29991.5,16
1451,520,311,2,17018.5,39
1452,525,146,1,17469.61,40
1453,559,226,1,4764.95,11
1454,241,245,4,9960.24,11
1455,27,400,4,4083.99,39
1456,66,273,4,24725.06,34
1457,154,259,5,24961.86,9
1458,858,101,3,24796.58,2
1459,810,1,3,20049.96,11
1460,699,357,2,13612.5,1
1461,680,200,3,19170.77,39
1462,340,345,5,6416.31,17
1463,922,138,3,12710.05,33
1464,403,181,4,41358.13,39
1465,302,69,2,34239.57,36
1466,868,114,4,43341.35,12
1467,560,175,5,20364.07,16
1468,82,390,3,17026.82,30
1469,183,496,3,28857.1,25
1470,969,312,2,39127.79,23
1471,105,364,5,19682.72,23
1472,27,490,4,19436.7,35
1474,8,346,5,44714.58,36
1475,77,307,1,24315.6,3
1476,204,138,3,39713.88,5
1477,859,167,4,14823.77,6
1478,335,374,2,8840.78,39
1479,908,434,4,47541.01,6
1480,244,24,4,999.63,39
1481,273,330,2,40158.65,18
1482,974,182,1,9030.77,24
1483,631,269,1,23749.81,3
1484,620,4,2,13729.76,8
1485,241,393,5,17546.15,10
1487,427,299,3,25420.68,28
1488,552,71,3,24737.05,21
1489,523,174,3,36697.81,27
1490,988,431,3,30759.66,11
1492,341,22,1,7965.97,19
1493,382,119,5,3822.86,15
1494,135,445,1,16005.37,13
1495,6,105,4,31744.21,27
1496,569,146,1,42585.88,33
1497,632,367,5,24633.34,31
1498,987,461,2,31938.63,28
1499,737,4,4,6660.88,32
1500,757,487,3,47942.84,33
1501,224,414,2,40854.53,8
1502,195,74,2,43957.47,0
1503,642,379,1,604.12,5
1504,533,105,3,35933.72,29
1505,354,207,2,26030.33,5
1506,682,246,2,23320.22,16
1507,765,248,5,6956.2,9
1508,884,317,1,4693.66,29
1509,392,53,5,19746.28,35
1510,890,331,4,23544.87,4
1511,469,368,2,36469.51,36
1512,672,475,2,1657.47,11
1513,177,110,5,37101.53,10
1514,979,337,4,42722.6,4
1515,656,122,5,44855.99,20
1516,669,439,2,44747.18,13
1517,328,63,3,24557.34,29
1518,755,414,4,19775.47,15
1522,683,467,4,24985.51,7
1523,220,488,3,28003.95,33
1524,249,386,1,48609.84,8
1525,813,89,1,2075.32,2
1526,272,482,4,34363.52,29
1527,532,351,5,10687.17,23
1528,684,274,2,19838.42,3
1529,818,143,1,48903.89,15
1530,945,438,1,39753.58,20
1531,113,84,3,47713.89,36
1533,798,340,5,1396.69,19
1534,204,314,5,41197.81,0
1536,624,325,2,7716.4,9
1537,119,474,1,35080.02,29
1538,420,311,2,38614.57,5
1539,119,468,4,9199.21,7
1540,633,176,4,33153.54,33
1541,779,319,2,37389.3,13
1542,38,173,2,10578.41,0
1543,677,54,3,7651.66,18
1545,538,296,3,33313.19,8
1546,154,431,4,41197.26,12
1547,718,430,3,39590.59,0
1548,825,66,5,39005.1,37
1549,509,233,1,6108.79,17
1550,196,277,3,18461.19,19
1551,781,133,2,47087.33,9
1552,27,217,4,6331.02,39
1553,166,31,5,8484.32,39
1554,63,442,1,29622.47,26
1555,234,484,3,45075.78,21
1556,328,351,2,31660.39,0
1557,228,31,3,6409.8,39
1559,463,190,3,22252.05,22
1560,381,129,2,24082.66,6
1561,141,2,3,5705.9,35
1562,61,107,5,1526.94,26
1563,568,391,4,47171.84,31
1564,166,265,1,5051.93,23
1565,459,369,5,5587.44,21
1566,722,22,1,20547.62,6
1567,253,497,2,2580.36,18
1568,370,103,3,40091.13,11
1570,881,361,3,21588.35,16
1571,509,171,1,10108.45,12
1572,622,430,4,21986.25,25
1573,448,33,1,26325.87,8
1574,717,137,1,20268.62,27
1575,103,13,3,37803.78,7
1576,52,64,4,45713.68,2
1577,21,279,3,38459.98,35
1578,70,440,5,35433.87,17
1580,624,426,5,29977.08,31
1581,952,253,5,32016.3,4
1582,204,417,4,20845.9,38
1583,570,196,1,47781.51,9
1584,222,293,1,13455.47,14
1585,851,108,3,36901.0,32
1586,686,467,3,5874.13,39
1589,840,211,2,2935.14,10
1590,677,339,1,31462.95,6
1591,871,410,5,4367.68,23
1592,701,305,5,25321.95,37
1594,516,261,3,1720.68,4
1595,994,156,4,26848.18,10
1596,777,378,3,46369.69,36
1597,451,6,3,27047.17,3
1598,832,243,5,16145.87,5
1599,849,44,2,15117.87,25
1600,94,262,1,44571.3,37
1601,277,287,5,45209.82,9
1602,475,344,4,46524.71,30
1603,681,182,3,11621.0,7
1604,265,217,1,5802.15,27
1605,46,91,5,24477.84,35
1606,572,399,4,46564.31,37
1607,818,328,4,2449.35,38
1608,949,193,3,19309.79,15
1609,738,137,5,22762.38,19
1610,156,174,1,5290.04,9
1611,164,125,3,41310.89,26
1613,273,117,5,30781.2,27
1614,141,386,4,26455.02,38
1615,590,33,1,4641.26,4
1616,220,388,1,49712.21,15
1617,367,84,5,49929.23,13
1618,732,369,2,20500.1,0
1619,350,131,2,16196.63,32
1620,97,185,1,45340.17,17
1621,769,316,2,5048.6,20
1623,427,380,1,24315.13,4
1624,791,294,3,37699.81,40
1625,43,237,1,41699.73,9
1626,100,265,4,42419.99,6
1627,807,471,3,19847.08,24
1628,970,276,4,30946.85,15
1629,716,282,4,22129.26,32
1630,391,302,1,13208.7,20
1631,823,70,1,36174.6,11
1632,60,127,4,34910.15,24
1633,911,243,3,4114.6,3
1634,233,285,5,40413.69,13
1635,432,332,4,6463.0,32
1636,594,195,3,24378.3,3
1637,26,70,5,15075.93,37
1638,257,193,3,34183.94,17
1639,805,221,5,24975.67,3
1640,335,420,3,39567.05,19
1641,323,227,3,17127.85,1
1642,585,494,3,11192.49,32
1643,825,439,4,39155.08,16
1644,819,438,4,31749.96,26
1645,345,324,1,16833.3,38
1647,877,93,2,48171.29,28
1648,439,243,4,15668.69,8
1649,783,54,1,4137.44,17
1650,727,498,1,42618.98,16
1651,547,4,4,38072.55,34
1652,16,203,5,24163.78,31
1653,573,305,1,44147.43,22
1654,455,140,1,22416.55,26
1655,812,218,2,3991.76,7
1656,942,118,2,36823.7,30
1658,50,326,3,8606.42,16
1659,971,344,3,27963.11,14
1660,516,386,3,49001.42,17
1661,49,335,4,18497.88,29
1662,347,40,2,5747.9,12
1663,158,276,4,30815.88,31
1664,699,462,1,38722.97,13
1665,249,16,2,9743.08,35
1666,552,460,2,23841.69,0
1667,671,199,1,48123.35,2
1668,262,312,2,49717.63,14
1669,333,137,5,31281.62,14
1671,759,203,1,22138.97,32
1672,294,177,1,49447.15,17
1673,261,219,3,2863.66,34
1674,216,244,3,30217.82,13
1675,462,329,5,34374.77,20
1676,247,234,1,48025.18,32
1677,677,412,5,31180.53,37
1678,436,80,5,44263.0,38
1679,63,360,3,6815.68,30
1680,108,130,4,18966.74,2
1681,830,494,5,19190.66,16
1683,167,53,2,7717.2,7
1684,662,472,4,40882.19,36
1685,216,474,5,2658.93,36
1686,571,23,2,40847.47,0
1688,445,261,1,42095.5,38
1689,688,63,4,757.96,5
1691,920,329,3,47181.59,37
1692,523,401,4,37603.54,35
1693,657,444,3,49125.61,20
1694,853,102,1,36720.1,1
1695,469,2,4,18628.9,17
1696,967,428,5,3911.74,1
1697,925,460,4,33488.41,27
1698,276,202,1,45823.77,19
1699,889,457,1,49657.25,14
1701,276,315,4,949.21,35
1702,779,151,4,27787.26,24
1703,548,82,5,19543.03,29
1705,580,339,5,32113.77,39
1706,75,220,3,9194.38,29
1707,865,12,4,34722.03,15
1708,130,452,1,35136.8,22
1709,466,426,5,43659.55,24
1710,16,3,1,38100.41,36
1711,378,185,1,16913.6,20
1712,995,149,4,35362.1,8
1713,500,39,5,5009.29,35
1714,149,207,5,47010.28,27
1715,273,245,2,16846.52,37
1716,77,188,3,13466.77,8
1717,108,191,3,24408.11,2
1718,327,433,5,28983.3,8
1719,865,364,4,28811.23,3
1720,65,461,2,17240.12,17
1721,974,70,2,14066.62,30
1722,182,455,5,36111.75,17
1723,6,485,4,45638.22,33
1724,188,124,3,4686.46,26
1725,75,407,5,38666.96,0
1726,494,329,3,34961.14,3
1727,94,313,3,9064.41,29
1728,908,219,1,4227.37,2
1729,762,292,4,6980.98,2
1730,34,349,4,932.35,30
1731,263,294,1,39303.34,35
1732,729,331,3,7214.29,36
1733,535,110,5,43287.18,26
1734,353,242,3,38346.36,26
1735,857,264,5,46299.63,30
1737,37,397,1,28161.72,39
1738,413,457,2,14979.14,23
1739,449,471,2,7738.92,33
1740,62,223,3,2138.11,27
1741,459,368,5,49823.5,19
1742,954,496,2,9008.46,14
1743,392,71,3,27101.57,21
1746,579,277,1,46858.48,20
1747,110,342,3,49507.62,6
1748,911,237,1,38989.68,24
1749,98,413,1,14887.61,28
1750,699,13,2,20424.92,39
1751,380,478,3,13548.85,5
1752,699,342,1,6934.61,28
1753,923,493,5,3164.15,10
1754,881,57,1,16995.58,11
1755,929,325,5,44551.72,21
1756,33,253,1,5174.67,28
1757,722,282,2,2665.97,22
1758,726,468,3,11683.86,4
1760,792,297,2,6102.17,17
1761,357,220,1,2471.24,39
1762,716,278,3,15134.62,39
1763,932,173,2,44048.91,39
1764,914,390,5,37552.13,23
1765,703,199,2,3718.95,3
1767,585,280,5,19465.5,28
1768,489,257,2,13499.38,8
1769,734,292,2,42444.25,19
1770,595,11,3,338.4,31
1771,470,5,2,11054.72,40
1772,357,195,1,15792.56,8
1773,921,276,3,12887.6,37
1774,63,77,5,11097.99,14
1776,41,24,4,17937.24,0
1777,653,212,5,25619.75,15
1778,15,202,1,22314.78,8
1779,632,172,3,47892.85,29
1781,882,304,2,38599.09,19
1782,172,124,2,21070.2,11
1784,262,356,4,29872.72,0
1785,930,432,1,8272.71,35
1786,7,87,4,5128.94,38
1787,743,467,1,26316.76,7
1788,535,352,4,18428.9,6
1789,445,109,1,26869.42,21
1790,564,292,5,37531.31,30
1791,172,265,1,2413.96,3
1792,769,246,3,26841.9,38
1794,931,142,2,16718.6,19
1795,888,71,1,8572.44,30
1797,949,485,2,7943.26,16
1798,91,336,4,10728.84,8
1799,947,34,5,21188.72,23
1800,592,345,2,6501.34,40
1802,225,255,2,18086.93,8
1803,713,100,2,2263.16,8
1804,516,209,3,12822.59,12
1805,3,407,1,29824.57,28
1806,468,50,4,30633.04,14
1807,136,307,1,4665.01,4
1808,481,484,5,8124.24,33
1809,224,432,1,48274.97,34
1810,841,84,5,7711.62,5
1811,821,8,1,25154.14,23
1812,416,214,3,42103.44,25
1813,472,359,1,19821.26,9
1814,87,31,4,15299.2,18
1815,798,19,3,22160.57,27
1816,401,97,3,35920.53,36
1817,427,193,3,8530.29,12
1818,133,452,4,41734.36,5
1819,303,211,3,33340.14,21
1820,964,78,3,5250.31,32
1821,871,253,1,47467.35,38
1822,974,477,1,20496.68,40
1823,246,293,1,34198.37,16
1824,226,455,3,6872.1,18
1825,970,342,2,3068.64,34
1826,242,487,3,40798.78,15
1827,80,271,3,25075.51,1
1829,939,408,3,22785.86,37
1830,730,483,3,45094.09,40
1831,344,224,3,18661.8,30
1832,878,305,4,38890.65,24
1833,986,144,4,6498.36,11
1835,948,157,5,25500.67,21
1836,190,403,5,47009.58,36
1837,391,437,4,46147.37,0
1838,465,189,3,38890.6,37
1839,122,417,4,14438.58,16
1840,667,460,2,8039.18,26
1842,464,235,2,11455.07,1
1843,31,272,1,41133.19,10
1844,146,282,1,22442.38,35
1845,288,497,2,32965.49,11
1846,444,133,5,13499.55,31
1847,50,84,2,43510.74,1
1848,709,421,3,7549.88,28
1849,474,350,5,16330.91,12
1850,200,32,1,32356.13,2
1851,948,417,3,22078.55,34
1852,65,266,3,32982.61,2
1853,38,350,2,9073.43,8
1854,68,434,3,47279.08,7
1855,436,294,3,34676.53,7
1856,788,322,4,34767.56,31
1857,169,194,2,31197.23,22
1858,727,370,4,1534.09,11
1859,590,177,4,6565.46,23
1860,990,76,2,8615.0,40
1861,710,316,4,9667.18,33
1862,618,437,1,23789.33,14
1863,801,219,2,4537.96,22
1865,47,404,4,47988.52,32
1866,827,51,2,905.14,7
1867,160,488,3,41216.61,35
1868,228,324,5,48103.05,5
1869,987,391,4,13254.49,16
1870,799,386,2,13280.25,9
1871,215,79,2,7253.39,10
1872,942,387,1,30449.92,16
1873,158,418,5,33317.2,40
1874,881,194,3,9315.42,39
1875,346,125,1,41689.18,40
1876,810,332,2,5914.07,3
1877,279,424,4,11968.47,31
1878,686,396,5,6276.83,35
1879,332,198,1,8890.84,3
1880,521,425,4,36060.74,23
1881,396,24,3,18204.3,16
1882,583,338,2,3551.18,5
1883,439,290,3,38368.07,21
1884,338,344,1,4747.93,24
1885,607,281,5,24933.23,11
1886,62,10,1,12830.32,27
1887,1000,444,1,32671.04,6
1888,140,38,1,47051.88,36
1889,250,318,4,20295.98,34
1890,581,489,4,26256.35,13
1891,76,119,4,4179.17,38
1892,789,346,4,38279.1,29
1893,983,274,5,31157.54,34
1894,431,351,2,28668.96,19
1896,32,94,5,11812.11,9
1897,47,432,5,1371.25,22
1898,498,289,3,32076.18,18
1900,314,153,4,28705.31,37
1901,461,104,1,19405.71,22
1902,437,170,1,1844.71,26
1903,251,20,2,29525.39,24
1904,999,493,4,23327.27,5
1905,113,71,5,28551.63,24
1907,184,83,1,23241.09,13
1908,437,315,1,14641.05,33
1909,636,314,5,19794.85,18
1910,424,170,2,37735.22,18
1911,764,406,3,44855.06,39
1912,125,386,5,30451.56,16
1913,283,452,3,13628.03,26
1915,513,371,5,46771.93,36
1916,686,479,5,13626.51,15
1917,162,390,1,28636.15,8
1918,63,390,1,2358.92,20
1919,309,147,5,31588.8,26
1920,380,399,5,6457.91,15
1922,152,422,2,1563.81,22
1923,110,443,1,23181.25,25
1924,886,170,5,29201.04,40
1925,694,221,1,48548.45,5
1926,945,134,2,35349.65,35
1927,306,114,3,4415.17,14
1928,957,105,3,14971.85,11
1929,196,380,2,6959.45,15
1930,200,209,3,10554.03,6
1932,801,406,1,45100.0,20
1933,728,144,2,19195.17,37
1934,983,498,1,24467.32,18
1935,66,155,2,10550.4,20
1936,60,428,5,18457.31,3
1937,168,144,5,21221.79,21
1938,186,386,3,46129.62,10
1939,204,320,5,39701.75,0
1941,236,240,2,22160.47,7
1942,687,418,4,733.17,27
1943,146,385,5,40728.77,15
1944,921,190,2,10688.35,5
1945,965,285,2,38525.21,31
1946,175,470,2,47547.91,8
1947,48,485,3,48615.83,37
1948,829,368,1,8319.6,10
1949,678,192,3,3112.79,26
1950,939,398,5,47930.38,30
1951,658,134,4,20813.21,39
1952,806,26,2,19438.6,40
1954,348,163,1,30020.1,37
1955,801,274,4,14231.02,16
1956,937,249,2,12605.37,12
1957,463,52,1,6673.54,5
1958,49,22,4,11938.17,22
1960,466,19,4,39937.3,14
1961,613,318,1,30939.08,22
1962,183,89,1,8940.04,31
1963,969,286,3,22829.29,10
1964,22,58,3,18908.89,24
1965,696,331,3,19248.51,12
1966,931,419,1,9936.0,18
1967,302,431,1,26024.53,32
1970,74,350,3,22520.11,16
1971,639,325,2,32965.04,10
1972,971,138,3,9412.33,31
1973,486,184,2,28448.49,1
1974,429,43,4,7259.64,38
1975,138,475,3,8051.86,37
1976,293,489,3,46461.07,26
1977,224,388,5,33309.06,37
1978,412,369,2,40655.73,26
1979,177,489,3,9158.29,27
1980,387,14,3,32386.1,35
1981,348,115,2,32804.12,2
1982,45,115,5,35277.75,10
1983,66,78,1,4899.19,11
1984,801,467,3,44195.1,23
1985,552,275,4,25075.28,25
1986,306,57,1,26635.75,16
1987,570,157,4,37553.81,0
1988,44,258,2,45795.2,31
1989,453,161,4,26134.89,24
1990,654,397,4,37318.72,38
1991,446,93,2,5767.29,9
1992,733,99,2,9314.48,19
1993,707,130,3,26688.5,7
1995,93,423,5,38065.5,37
1996,625,354,5,26436.93,10
1997,527,11,1,3039.25,27
1998,433,32,2,468.06,12
1999,766,203,3,9589.89,6
2000,4,92,1,13653.61,33
2001,921,284,1,34517.8,26
2002,863,290,2,38411.86,3
2003,62,84,5,41167.22,27
2005,904,345,5,39522.27,13
2006,220,43,4,25381.78,40
2007,117,385,5,41392.14,25
2008,182,283,1,15374.2,6
2009,1,259,2,39596.88,12
2010,922,345,5,27120.1,32
2011,749,237,3,36911.22,4
2012,542,459,1,24217.47,24
2013,98,371,4,18637.66,37
2015,789,228,2,47834.82,7
2016,472,304,1,21066.16,34
2017,659,255,3,9074.11,1
2018,734,193,2,18558.24,25
2019,547,182,2,28822.36,6
2022,783,297,3,43110.33,1
2023,456,317,4,20717.89,37
2024,312,203,4,24324.67,35
2025,4,352,5,34049.84,16
2026,573,146,5,20400.28,4
2027,977,434,5,15252.99,26
2028,474,323,4,17299.46,25
2029,751,195,5,14789.77,37
2030,547,406,3,30325.41,40
2031,528,88,1,6089.73,2
2032,168,205,4,14635.92,38
2033,924,274,5,41711.48,22
2035,195,157,1,33404.51,34
2036,565,135,5,41703.7,6
2039,105,105,5,1060.91,22
2040,397,290,5,9740.78,28
2042,936,272,1,23710.78,26
2043,900,324,1,37555.99,27
2044,382,139,1,45962.91,19
2045,973,481,2,2354.64,30
2046,281,476,4,20163.29,23
2047,169,404,1,38950.31,7
2048,332,447,5,23988.8,20
2049,955,438,2,9203.84,38
2050,9,332,2,33063.34,28
2051,813,462,4,19562.12,34
2053,175,161,2,504.11,5
2054,993,112,3,5261.04,38
2056,952,399,4,32076.61,40
2057,994,139,2,26896.37,34
2059,333,88,5,34127.14,22
2060,144,60,3,48879.42,20
2062,542,307,1,4818.76,28
2063,466,188,4,32003.7,22
2064,791,375,4,37218.83,18
2065,115,298,4,15153.96,36
2066,471,309,3,10318.09,21
2067,237,100,5,6415.63,13
2068,432,123,1,41309.81,33
2069,941,20,2,25746.4,32
2070,548,407,5,8869.6,34
2071,487,223,3,9360.93,4
2072,321,210,4,16470.39,13
2073,949,413,2,39255.6,3
2074,104,352,1,24022.64,18
2075,286,246,4,22246.12,24
2077,215,295,2,12996.24,24
2078,645,175,3,2822.38,37
2079,589,58,1,2601.57,38
2080,568,273,2,45314.86,21
2081,168,210,1,33245.84,18
2082,927,377,3,46906.57,33
2083,305,299,5,18661.47,10
2084,575,456,3,24615.86,40
2085,728,266,5,37146.48,37
2086,53,299,1,23245.49,34
2087,624,154,1,26535.05,12
2088,655,237,4,916.56,21
2089,769,135,3,46286.94,6
2090,809,390,2,43717.66,33
2091,401,372,1,11038.36,1
2092,215,435,3,26911.53,5
2093,592,41,4,13900.09,21
2096,152,300,4,10544.75,23
2097,92,276,3,37592.73,29
2098,985,345,3,19849.28,7
2099,125,128,5,47934.59,34
2100,129,331,4,43333.75,22
2101,125,31,4,34566.21,20
2102,847,368,1,6326.24,18
2103,336,366,2,23159.72,25
2104,72,195,5,37924.79,8
2105,937,261,2,36087.1,25
2106,582,317,3,3205.61,0
2107,642,385,3,42109.4,27
2108,93,127,3,4480.22,21
2109,882,250,4,28491.37,22
2110,356,149,1,12455.75,39
2111,44,242,5,24410.72,29
2112,29,393,5,32577.81,26
2113,5,267,2,4293.9,16
2114,263,458,4,5421.19,29
2115,982,447,2,40943.14,19
2116,420,494,1,6397.1,12
2117,686,110,1,611.97,9
2118,499,439,4,25553.68,6
2119,270,271,3,37797.9,14
2120,607,295,2,20705.72,2
2121,429,441,3,45888.65,38
2122,642,89,1,25381.68,17
2123,962,447,4,16131.07,22
2124,115,393,2,16566.83,29
2125,140,455,1,9987.99,27
2126,826,404,5,5461.79,24
2127,860,393,3,41484.19,12
2128,313,268,5,45077.06,32
2129,506,383,4,18085.38,32
2130,228,390,2,23849.84,0
2131,850,310,2,820.33,7
2132,965,327,2,43692.71,1
2134,947,120,2,44743.05,39
2135,36,69,3,564.68,17
2137,579,400,3,12161.86,35
2138,659,316,5,15616.41,40
2139,946,239,3,1602.43,35
2140,487,444,4,46678.43,26
2141,210,254,3,42130.7,9
2142,190,356,3,32355.17,13
2143,177,319,1,2770.56,12
2144,313,196,4,10912.59,30
2145,13,335,4,8657.79,9
2146,798,406,5,11975.0,26
2147,739,210,5,47930.12,37
2149,250,14,5,39966.8,13
2150,631,18,2,32786.56,10
2151,165,195,2,28405.31,32
2152,484,96,4,6173.52,16
2153,324,406,3,5771.36,31
2155,466,75,2,41287.62,19
2156,301,74,2,4823.58,25
2157,16,301,2,13639.93,5
2158,146,157,1,37147.01,28
2159,817,12,2,10570.56,11
2160,431,116,3,46162.87,30
2161,419,154,4,36065.96,1
2162,994,177,2,41392.63,22
2163,599,68,1,5467.28,36
2164,684,431,5,4727.76,27
2165,554,411,3,26885.86,26
2166,262,466,4,49037.1,26
2167,130,465,4,681.65,33
2169,1000,17,5,24636.65,39
2170,867,23,1,2707.52,36
2171,755,394,5,44707.95,12
2172,403,403,2,16436.56,14
2173,286,230,5,47238.54,2
2174,517,271,2,20628.88,17
2175,443,86,1,10125.23,31
2176,703,184,2,45152.59,0
2178,386,207,3,22781.16,37
2180,93,2,1,1352.5,5
2181,394,72,2,34338.45,12
2182,957,484,5,38712.05,29
2183,758,278,1,39798.8,21
2184,308,444,1,45505.1,27
2185,492,26,4,1348.27,38
2186,836,351,5,11112.08,27
2187,122,43,2,46492.54,33
2188,904,285,1,32358.94,16
2189,338,159,5,7674.05,1
2190,194,105,1,16332.31,15
2191,285,193,1,47183.79,38
2192,612,140,5,43188.86,27
2193,453,282,1,7069.82,1
2194,830,353,5,25448.38,8
2195,669,393,4,14591.5,0
2196,153,272,4,17463.2,4
2197,509,240,3,11524.6,22
2198,653,487,4,46541.5,22
2200,974,60,3,34393.61,4
2201,644,10,3,14485.86,25
2202,118,89,1,11109.35,16
2203,437,288,1,12266.69,9
2204,470,382,1,45387.29,12
2205,926,46,4,6429.65,16
2207,230,372,3,2490.97,19
2208,671,215,2,49381.27,40
2209,308,46,1,16778.24,0
2210,375,159,2,24692.54,9
2211,266,43,5,24660.22,26
2212,548,384,3,34033.57,29
2213,685,2,4,25567.52,26
2214,721,401,3,20129.43,9
2215,877,319,1,43990.19,26
2217,485,297,1,3192.46,13
2219,309,443,2,13739.39,13
2220,315,386,4,19044.5,9
2221,971,327,1,21754.62,16
2222,620,132,3,28826.64,11
2223,18,330,3,40954.34,7
2224,104,101,5,27425.76,5
2226,231,257,5,43746.69,32
2227,826,142,1,29416.99,26
2228,550,444,4,38751.75,22
2229,868,94,1,4737.18,23
2230,319,372,3,9487.11,1
2231,122,381,1,47562.88,27
2232,5,52,2,35733.79,32
2233,395,32,1,49975.23,12
2234,108,319,5,30298.66,3
2237,843,400,5,37510.91,40
2238,776,482,2,17867.97,39
2239,770,298,5,32471.11,40
2240,478,472,3,669.39,7
2241,79,173,4,26599.44,7
2242,24,347,2,43387.97,28
2243,536,240,4,30017.47,3
2244,733,55,1,21452.25,35
2245,707,428,5,7900.51,12
2246,694,197,5,12715.45,31
2247,794,429,2,11488.91,28
2248,900,4,1,9266.65,18
2251,219,423,2,6252.78,37
2252,39,391,4,19244.85,22
2253,868,11,4,19568.89,28
2254,699,354,1,6096.03,36
2255,871,482,3,43898.1,9
2256,92,459,1,15049.95,9
2257,398,112,4,10041.72,2
2258,964,458,5,39132.14,18
2259,869,444,1,11262.14,8
2261,935,415,4,3914.79,0
2262,324,189,1,45597.28,24
2263,488,358,5,14681.92,15
2264,237,120,5,15630.94,5
2266,266,420,2,40457.56,27
2267,877,283,3,16980.61,7
2268,141,465,1,24735.43,6
2269,138,255,3,25433.14,21
2272,777,217,3,38703.57,29
2273,145,14,1,23142.49,3
2274,847,413,1,13326.01,30
2275,545,371,2,3247.83,6
2276,499,398,2,9448.48,28
2277,304,167,3,35342.76,11
2278,393,133,5,38574.78,25
2279,702,96,2,27839.03,19
2280,47,6,4,22376.91,24
2281,700,441,4,41774.78,13
2282,966,206,5,23899.22,8
2283,367,221,2,36157.37,30
2284,622,265,1,45942.42,33
2285,403,356,2,16863.52,23
2286,797,14,1,34427.75,38
2287,791,381,2,4373.64,20
2289,699,30,3,36889.92,32
2290,610,177,4,12883.61,27
2291,871,401,1,26443.04,9
2292,866,384,2,41897.21,29
2294,494,426,1,18675.39,31
2295,437,85,4,3048.87,18
2296,162,148,5,13556.6,35
2297,414,90,2,47011.85,27
2298,979,413,2,9122.73,1
2299,921,292,4,39776.73,0
2300,98,204,3,13578.15,4
2301,63,231,1,23334.75,1
2303,910,150,1,29248.47,13
2304,190,470,4,14127.22,36
2305,230,143,4,39169.48,27
2306,248,491,1,28228.52,25
2309,231,253,2,9173.08,5
2310,164,114,1,17533.47,3
2311,306,31,5,6446.84,27
2312,736,422,4,8747.94,10
2313,567,302,3,24564.75,39
2315,446,254,1,49687.12,26
2316,867,6,2,33322.35,6
2317,579,85,2,9471.3,4
2318,926,122,3,31060.89,17
2319,266,89,1,44957.86,22
2320,981,491,2,8555.08,22
2321,69,413,3,16702.96,3
2322,117,146,2,16562.33,2
2323,232,284,5,40465.1,18
2324,712,398,5,12431.04,10
2325,302,304,4,21452.39,0
2326,832,380,3,27010.62,14
2327,126,47,3,8252.28,37
2328,59,202,3,15790.23,39
2329,616,125,1,48355.65,25
2330,203,191,4,14037.19,4
2332,209,408,3,5069.89,8
2333,186,52,1,24184.56,14
2334,740,141,4,23777.94,9
2335,684,53,4,44885.5,9
2336,719,230,5,40470.85,14
2338,323,86,3,35316.5,4
2339,363,163,3,4885.54,13
2340,738,54,1,15115.73,3
2341,530,237,4,31958.02,16
2342,478,380,2,12715.95,8
2343,158,363,5,40968.2,40
2344,818,303,5,9180.57,0
2346,850,388,2,8673.75,37
2347,572,317,1,47149.25,10
2348,349,492,5,21777.89,3
2349,905,184,5,36815.0,33
2350,197,397,5,16167.82,27
2351,728,89,2,1095.88,32
2352,273,399,2,8580.43,19
2353,947,42,3,39329.63,25
2354,173,180,2,629.42,6
2355,547,453,4,49445.08,28
2356,177,129,2,44064.43,0
2357,93,126,2,46118.49,5
2358,295,404,2,869.55,26
2359,404,210,4,20045.4,16
2360,941,27,3,48151.08,23
2362,735,390,1,4403.23,14
2363,252,91,2,6896.55,19
2364,857,114,1,19239.61,0
2365,712,74,1,23177.9,2
2366,329,351,4,37468.44,3
2367,486,112,2,35493.83,22
2369,456,345,2,5743.94,12
2370,806,406,1,30937.46,18
2371,730,481,4,10162.47,6
2372,399,384,3,9992.04,11
2373,476,245,4,47560.89,2
2374,433,310,2,14757.41,39
2375,999,415,3,3659.18,20
2377,635,358,2,9301.06,10
2378,294,396,4,13512.49,31
2379,173,172,3,39847.3,32
2380,844,390,3,49872.17,10
2381,368,116,5,19049.32,8
2382,429,240,1,8813.24,33
2383,445,7,3,48966.79,0
2384,610,321,5,44304.69,30
2385,760,372,2,14070.65,20
2386,799,17,1,29161.24,14
2387,489,26,3,15375.29,40
2388,421,259,3,47818.02,33
2389,269,373,4,18883.79,34
2390,771,132,3,44825.65,29
2391,135,207,4,27761.94,4
2392,377,419,1,25972.95,38
2393,585,244,1,46240.24,10
2396,422,461,4,2017.95,15
2397,455,126,4,10721.45,25
2399,562,216,2,20633.57,30
2400,934,315,3,1004.01,32
2401,463,112,5,25218.59,21
2402,693,385,1,10421.26,26
2403,210,356,2,30972.28,32
2405,331,72,3,41456.1,29
2406,61,359,5,38289.15,34
2408,781,493,2,33873.07,0
2409,486,393,5,41881.5,39
2411,576,394,3,10362.86,14
2412,475,422,1,41556.83,39
2413,269,16,5,10471.09,37
2414,549,45,2,33793.68,15
2415,981,58,5,14257.39,36
2417,632,2,5,18519.65,38
2418,544,468,3,25728.96,17
2419,675,401,1,43603.95,4
2420,478,258,1,43029.61,0
2421,396,348,3,5872.11,33
2422,594,334,1,42575.52,37
2424,2,59,4,23902.51,38
2425,160,451,3,2586.62,1
2426,526,460,1,43335.2,4
2427,466,308,2,47304.29,35
2428,179,432,3,26423.55,1
2429,677,260,4,33056.6,21
2430,975,46,4,3948.05,34
2431,3,369,5,30072.07,24
2432,880,68,4,974.69,2
2433,544,62,1,22923.22,40
2434,776,462,4,44141.69,17
2435,276,334,5,9357.25,16
2437,830,337,2,43869.88,13
2439,470,466,1,13459.75,28
2440,415,193,1,32521.45,28
2441,1,163,3,6821.29,19
2442,44,218,2,12940.94,5
2443,717,399,4,47093.19,1
2444,995,140,4,42051.93,32
2445,560,292,3,22698.12,31
2446,255,205,3,20673.47,12
2447,984,207,4,40378.5,38
2448,795,300,5,3869.77,23
2449,596,438,4,44395.77,11
2450,139,269,3,19470.19,10
2451,985,197,5,20964.25,4
2452,990,91,5,9619.36,22
2453,387,486,5,30120.73,9
2454,603,376,5,27498.45,13
2455,329,205,4,27887.7,29
2456,728,470,5,39093.25,0
2457,309,26,3,26258.21,16
2458,917,103,2,30235.5,12
2459,1000,65,1,20242.06,1
2460,5,335,3,48948.66,29
2461,953,484,5,3553.47,19
2462,759,446,2,14355.36,36
2464,330,17,5,29653.55,34
2465,446,381,4,39338.03,8
2466,304,364,3,32518.43,3
2467,532,16,3,28597.34,31
2468,437,134,1,28023.23,39
2469,411,424,5,38884.04,2
2470,665,68,3,43991.47,5
2471,486,2,2,22538.78,26
2472,419,171,5,48912.9,9
2473,776,4,3,15619.08,19
2474,503,494,2,3812.62,12
2475,494,50,3,834.09,31
2476,502,497,2,17610.67,14
2477,430,92,5,48306.71,9
2478,712,299,5,29961.49,4
2479,605,236,4,2207.68,19
2481,294,253,1,21676.35,28
2482,768,397,4,11429.53,4
2483,946,241,1,20794.23,4
2484,797,323,1,1898.98,35
2485,874,356,3,12096.84,10
2486,885,181,3,19299.63,16
2487,38,182,1,25542.4,22
2488,355,414,1,4952.72,28
2489,267,188,5,12594.04,7
2491,602,164,1,44660.86,7
2492,553,128,1,30289.51,34
2494,788,191,1,45783.86,34
2495,568,356,3,37238.41,28
2496,547,81,2,30482.41,21
2497,93,224,4,35522.84,13
2498,888,214,2,6781.13,3
2499,955,436,4,1229.12,32
2500,922,259,4,36047.75,38
